,id,epoch,sat_id,x,y,z,Vx,Vy,Vz,x_sim,y_sim,z_sim,Vx_sim,Vy_sim,Vz_sim
195293,371256,1388534400.0,200,-11036.295250660478,-13109.35900665877,6160.275446340317,-4.539592485480545,2.16387757427091,-3.527964814102413,-9808.759469922785,-13705.218964881753,7160.706415368916,-4.702089415498056,1.9057736997132613,-3.428093238237865
195294,371257,1388541427.503,200,-23196.535557065134,11059.937310615242,-18029.65143659869,0.253786451003303,3.474038694865002,-2.6866681376695194,-23214.24768720665,9956.58519535464,-17369.852058911198,0.17805472929852084,3.5046813909414145,-2.7657141130312706
195295,371258,1388548455.006,200,-16932.77012215375,32011.553899057013,-32363.515347742963,1.264803663380109,2.533841751643588,-1.533162391520991,-17165.2181896362,31135.20943260504,-32091.705692083888,1.2578322267151845,2.5611962515607853,-1.56887247249521
195296,371259,1388555482.509,200,-7114.754258387842,47406.52259530582,-40835.87010046042,1.475596041363222,1.889144989681456,-0.9326666417486952,-7340.493923286958,46690.30976263278,-40746.976325712894,1.480360735903049,1.907558422336073,-0.9503918722581294
195297,371260,1388562510.012,200,3384.197971763576,58999.48419678232,-45988.69361170146,1.4956521716005289,1.4330390040200702,-0.5587511525691402,3206.6743944756467,58395.05064825762,-45994.56363845283,1.502761483218367,1.4464786962947331,-0.5680319598372624
195298,371261,1388569537.515,200,13757.808071587971,67794.65811092139,-48945.81052738536,1.449936225335623,1.083552135874497,-0.2963215735374795,13635.265326893046,67274.9678725883,-49001.58498341848,1.4571384898182045,1.094142960682445,-0.3009794410403552
195299,371262,1388576565.017,200,23697.91363585558,74380.32043770897,-50300.73581535718,1.3757494623635118,0.7993226958150997,-0.09747491942046912,23627.983986388583,73929.50945671496,-50380.41658001578,1.3824060958546276,0.8081924651584486,-0.09934448444744376
195300,371263,1388583592.52,200,33059.933052395136,79128.56037577675,-50409.00719933274,1.286789830647776,0.5578195422972342,0.06126693630176825,33037.628463446425,78736.93616819466,-50496.27137388021,1.292735854663911,0.5656192152759615,0.061177881431458185
195301,371264,1388590620.023,200,41762.342495203615,82288.82065481391,-49502.90996341023,1.188587798154533,0.345644186879621,0.1928315370150666,41782.120370096985,81950.39994093093,-49587.03030938429,1.193820644647651,0.3527817505152737,0.19391103899287232
195302,371265,1388597647.526,200,49749.058349505685,84034.9671565327,-47744.08657353206,1.0832984507325891,0.1542070316892067,0.30495624159317497,49805.5738535906,83746.17688205204,-47817.881722183214,1.0878774599370733,0.16095847135723002,0.3068020771063639
195303,371266,1388604675.029,200,56972.80648853287,84490.89453269744,-45250.64310214247,0.9714469256223174,-0.02236787014410515,0.4025579568531474,57061.22073767872,84249.84529135932,-45309.3517504436,0.975458259964357,-0.015801575512773256,0.4048874900296484
195304,371267,1388611702.532,200,63386.45791754816,83745.33563122238,-42112.45114556432,0.8526182296492704,-0.1883456322215443,0.4888899527726173,63502.590494408076,83551.39999891003,-42153.07317837115,0.8561635024274789,-0.18180676791690328,0.4914922859227856
195305,371268,1388618730.035,200,68937.49635051488,81860.78966846976,-38400.4968721069,0.7257157178831547,-0.3470064095333418,0.5661457457920037,69077.93505140014,81714.35686521971,-38421.39121652,0.7289108953632943,-0.3403612725904062,0.568854311813219
195306,371269,1388625757.538,200,73563.47501190308,78879.00077859011,-34173.07412643732,0.5890038996909716,-0.5010272291119047,0.6357819989061716,73725.69761673291,78781.34289019753,-34173.70836455861,0.5919842594628947,-0.4941532126860832,0.638457812291436
195307,371270,1388632785.041,200,77187.2390755835,74824.25864765598,-29480.32546267233,0.4400031256248441,-0.6527330995882874,0.6986779565855039,77369.78725256312,74777.47537056894,-29461.120305860455,0.4429338776850145,-0.6455088920528411,0.7011988932400435
195308,371271,1388639812.544,200,79710.88913969751,69705.21338085263,-24368.09206045371,0.2752308039182056,-0.8042755304706423,0.7551758293698668,79913.64013136375,69712.23989093608,-24330.327034788053,0.2783256265253407,-0.7965725508853406,0.7574298557396381
195309,371272,1388646840.047,200,81007.20841943736,63515.60125391058,-18881.89721700071,0.08972060908065294,-0.9577666958811212,0.8049975243755445,81231.81711747461,63580.274134510175,-18827.652099031242,0.09327384305440516,-0.9494406461891308,0.8068796111439718
195310,371273,1388653867.55,200,80906.48523982397,56234.16703902833,-13072.11340986687,-0.1238473257170064,-1.115371534337897,0.8469732257492576,81157.13004533376,56361.34778932909,-13004.213956365636,-0.11940217330831995,-1.106253819684256,0.8483881797205692
195311,371274,1388660895.052,200,79174.85378001802,47824.200359126844,-7002.186957900964,-0.3767819800179027,-1.279310034745355,0.8783938849487483,79459.55586738967,48019.95082175008,-6924.091228077851,-0.37075840477889777,-1.2692013625424496,0.8792733883885617
195312,371275,1388667922.555,200,75476.08563161992,38233.88314482407,-764.0842487459372,-0.6876816576811449,-1.4515625627713218,0.8934643487159302,75809.19992949358,38505.641698696556,-679.5345307856418,-0.6788983819162676,-1.4402416339648227,0.8938257719824267
195313,371276,1388674950.058,200,69298.19384300896,27401.802219459325,5488.143457798324,-1.089773283731968,-1.632438338306343,0.8792396448401714,69705.54800151502,27758.28918134088,5576.265786226475,-1.0759799531688912,-1.6197478403526089,0.8793871367032701
195314,371277,1388681977.561,200,59796.0878239899,15285.78214289752,11452.73109232759,-1.649455331245544,-1.8141002882098216,0.8030607568913339,60326.953567546436,15735.229383473596,11546.496323982241,-1.625754255716017,-1.8004510797107292,0.8043728093142509
195315,371278,1388689005.064,200,45402.53220334847,2008.167166952603,16409.01396446512,-2.5208685320714856,-1.9453977977055057,0.5626297797099609,46162.36811554587,2546.18117360735,16532.923181490307,-2.4745786256790563,-1.9351513219993424,0.5715406937399299
195316,371279,1388696032.567,200,22737.48284400793,-11190.90145977166,18018.33967301471,-4.098296279963405,-1.6448962194312489,-0.3051319196971349,23987.04699804877,-10684.421518884556,18324.076504600525,-3.9958236681728336,-1.6814994896012352,-0.2470874638159445
195317,371280,1388703060.07,200,-11541.55255675524,-12844.681143456679,5737.459334168642,-4.4532540168591614,2.258262095190532,-3.583115552367193,-10015.022291960584,-13603.786681749436,6989.900950145843,-4.672773410168238,1.942682178488164,-3.457758565940299
195318,371281,1388710087.573,200,-23127.02178741683,11456.559780829228,-18390.03122181196,0.2909771893996068,3.456186402789811,-2.661372437942305,-23175.22474732985,10124.45535196594,-17546.368356344345,0.19583036264572665,3.4967650733885534,-2.755310274271875
195319,371282,1388717115.076,200,-16735.618280620958,32292.86730520825,-32592.261891120386,1.272241209770943,2.520433279082724,-1.519636251332088,-17066.674613120438,31254.749100295394,-32212.14246229177,1.2609902292307382,2.5550866166586514,-1.5626626306416398
195320,371283,1388724142.579,200,-6892.571855915978,47611.7999364115,-40989.703851297614,1.476592217308374,1.880466632269136,-0.9241765225173452,-7233.776451816272,46779.12615529338,-40832.49942018088,1.4802472225699457,1.9037868419309232,-0.9463118062115592
195321,371284,1388731170.082,200,3604.680920359823,59153.992550217765,-46092.11545916728,1.49450493324542,1.4270271702346218,-0.5526389205402225,3307.6387448137066,58465.210298771075,-46055.28314447932,1.5015809851260722,1.444061013980794,-0.5650159438584945
195322,371285,1388738197.584,200,13966.62539077171,67912.97867778843,-49011.35751467174,1.447878208627176,1.0791389808266858,-0.291542695353263,13725.303540659492,67333.50192551511,-49043.028913889415,1.4555473969003772,1.0925468506221143,-0.2985902038379131
195323,371286,1388745225.087,200,23890.51958300358,74471.4646797934,-50335.86913433248,1.3732418496194423,0.7959295633824321,-0.09354132718033313,23704.94532105709,73980.729461098,-50406.12088416293,1.3806607944730307,0.8071223177841547,-0.09737177968620807
195324,371287,1388752252.59,200,33233.97256388173,79198.39287583309,-50418.667768997664,1.284036233771539,0.5551024710801465,0.06461486849621975,33100.69499622952,78783.57285414518,-50508.758584724776,1.290955012381836,0.5648952487540713,0.06284950909638641
195325,371288,1388759280.093,200,41916.475399029536,82341.25905595216,-49490.636187113254,1.185687527265292,0.3433806237420712,0.1957455925567675,41831.16406353059,81994.17468802282,-49588.23644647746,1.1920653406012118,0.3522849328118989,0.1953518027816311
195326,371289,1388766307.596,200,49882.450917871036,84072.62405595918,-47712.56928248239,1.080301876096204,0.1522418956184942,0.3075314276771444,49840.86291460952,83788.10979634293,-47809.366073479316,1.0861808158585395,0.16060381002330898,0.30805820607789663
195327,371290,1388773335.099,200,57084.87811655956,84515.44336619701,-45202.02991927165,0.9683780817715214,-0.024150159479366586,0.4048566273958765,57083.26262020641,84290.43114622483,-45292.41023084692,0.9738378549321244,-0.016079094039221434,0.4059913564526964
195328,371291,1388780362.602,200,63476.73490312522,83757.7280984522,-42048.52811010761,0.8494845030598408,-0.1900368860070247,0.4909541154198761,63512.03452059634,83590.71261145122,-42128.80487406843,0.8546268957176052,-0.18206022222157045,0.4924676107484975
195329,371292,1388787390.105,200,69005.51037361016,81861.38656354889,-38322.806115193234,0.7225115379770725,-0.3486842551883895,0.5680035778701246,69075.50143279471,81752.11117551892,-38390.740838135374,0.7274579325354608,-0.34063682812393137,0.5697189443992112
195330,371293,1388794417.608,200,73608.67449170437,78867.64788578684,-34082.99797895259,0.5857109341056914,-0.5027615036917757,0.6374511568762616,73712.11568684486,78816.92957652392,-34137.496424644945,0.5906075402641805,-0.4944935943473612,0.6392251551573955
195331,371294,1388801445.111,200,77208.89175839283,74800.32411519715,-29379.15519559552,0.4365875825812561,-0.6545906112883223,0.7001667333292371,77345.73146553822,74809.97574855326,-29420.068478527915,0.4416177959634273,-0.6459561070251475,0.7018784060826717
195332,371295,1388808472.614,200,79707.9541095224,69667.59458865554,-24257.09533857219,0.2716372247650474,-0.8063240965143028,0.7564823262527256,79879.6537379876,69740.4240991182,-24285.084009009784,0.2770437707364673,-0.7971703859817142,0.7580267103746158
195333,371296,1388815500.117,200,80978.1467062424,63462.70411505888,-18762.40007480147,0.08586009169984328,-0.9600790208592728,0.8061061358798807,81188.20889735347,63602.58301893878,-18778.826766051392,0.091983898616365,-0.9502373097531924,0.8073931844730748
195334,371297,1388822527.62,200,80848.95543476597,56163.857766118446,-12945.62211781375,-0.1281192236738193,-1.118029143956921,0.8478462136203238,81103.82001138419,56375.85716321091,-12952.427252828533,-0.12076807128506918,-1.1073050153716624,0.8488084163242614
195335,371298,1388829555.123,200,79085.18705520655,47733.73126627658,-6870.602226719631,-0.3817086008868171,-1.2824065188096951,0.8789520542265551,79395.82327314299,48024.314841942665,-6870.068771075314,-0.3723126836367133,-1.2705738390007189,0.8795724592097495
195336,371299,1388836582.626,200,75348.31004257686,38119.8090935145,-630.1324910607956,-0.6936972163190646,-1.455201232024025,0.8935398188789554,75733.2315718604,38497.01706738625,-624.2948826645256,-0.6808383903661238,-1.442015836923724,0.893937693143374
195337,371300,1388843610.129,200,69122.04458159134,27259.99319717032,5619.907479665243,-1.0977201754131651,-1.63669930561215,0.878444422769354,69613.539681555,27733.272689144014,5630.974628515059,-1.0786831758720778,-1.622010870184066,0.8791514148404435
195338,371301,1388850637.632,200,59552.43139287143,15112.08626130115,11573.16421153363,-1.661174522061916,-1.81883983371732,0.8003461176895925,60211.07531936997,15690.016197735571,11597.003067676067,-1.6300366332019791,-1.8032266931068464,0.80334640671926
195339,371302,1388857665.134,200,45051.02349523458,1803.322065285143,16494.579965756093,-2.541084234851299,-1.9488520635583135,0.5542892589637453,46005.35198780578,2478.347735576745,16569.470795531855,-2.4825149705069056,-1.9378645892878243,0.5681639822965664
195340,371303,1388864692.637,200,22181.61702945467,-11378.10924825656,17979.930655305518,-4.1382473077842565,-1.628860057355018,-0.3392027521888469,23746.595382525084,-10759.180415607438,18309.672934777136,-4.012620299619605,-1.6772212984925057,-0.2610843305039414
195341,371304,1388871720.14,200,-12135.71836886463,-12527.56354704675,5232.3696252925065,-4.346765715399847,2.370006893174089,-3.636885074214359,-10295.143018794872,-13484.32465330876,6770.314288331582,-4.632854605478677,1.9941800150562703,-3.4874007821595083
195342,371305,1388878747.643,200,-23076.52257627188,11919.77564803842,-18775.19033506781,0.3292893789206781,3.4360230593894934,-2.6300646567081736,-23165.842900191627,10326.185357566237,-17724.597538455517,0.21326688442596486,3.4879366282165587,-2.7406150506619977
195343,371306,1388885775.146,200,-16560.781863992634,32628.48202160963,-32820.10999202138,1.278597579745432,2.505770769122188,-1.504025183225502,-17008.59444857896,31398.793767862568,-32314.931675734613,1.2628531179728464,2.5489022882878105,-1.5555553129171815
195344,371307,1388892802.649,200,-6700.1084529086,47864.49892869157,-41133.27662758819,1.476642382881841,1.870998444401337,-0.9148998362172496,-7177.603356324809,46888.207627753625,-40895.881625579175,1.479441257158007,1.9001782782487813,-0.9422755306061938
195345,371308,1388899830.152,200,3789.920353695902,59350.99531654488,-46181.91394203144,1.492731428690711,1.420371121743581,-0.5462865754577513,3352.1900199940405,58552.946773780175,-46094.29566310588,1.5002161831455636,1.4417953400991748,-0.562366445099976
195346,371309,1388906857.655,200,14136.83952572646,68069.38246632548,-49062.62880859474,1.4454823142095767,1.074101962089721,-0.2867883943971282,13756.55648641636,67407.17691750165,-49065.144869420095,1.4541405798581537,1.0910173568238926,-0.29667976055164397
195347,371310,1388913885.158,200,24043.019357056626,74596.21631400965,-50357.426989910186,1.370636809947916,0.7918810284988288,-0.08976735420675012,23723.462105502003,74044.4286603075,-50415.622207488515,1.3793660404910992,0.8060123162622146,-0.09590088935422786
195348,371311,1388920912.661,200,33367.943685837985,79297.04578846303,-50416.13661157768,1.281384716393886,0.5516761668561417,0.06773717347853568,33107.760567561694,78839.61655531268,-50508.33030105374,1.2898174354428755,0.5640224089105355,0.06403964754301852
195349,371312,1388927940.164,200,42031.86014895496,82417.31708992178,-49467.86364981352,1.1830560213631829,0.340345479777714,0.1984087647437404,41828.277891367296,82043.81337997617,-49579.65807022705,1.1910908824638475,0.351534972684739,0.19635410375129755
195350,371313,1388934967.667,200,49979.49024178677,84128.25404113621,-47672.325906831815,1.0777140672709191,0.1494415668598475,0.3098565108925884,49829.534614329816,83831.8938091469,-47793.854840115106,1.085359199259078,0.15989979501313198,0.3089310073168197
195351,371314,1388941995.169,200,57163.893955168445,84551.8806518972,-45146.39200047503,0.9658353893195248,-0.02682810601455939,0.4069236520872716,57064.915309181306,84328.4231182792,-45270.81088927962,0.9731508998369836,-0.016792282901614854,0.4067730662159195
195352,371315,1388949022.672,200,63538.00635688585,83775.52012098613,-41979.10555770593,0.8469740540042268,-0.19267789594957105,0.4928176154615768,63487.948824388826,83622.6172266725,-42101.7050387022,0.8540514866008797,-0.1828243717442571,0.4931841043491749
195353,371316,1388956050.175,200,69049.18359255562,81860.54470030378,-38240.88977719322,0.7200084305976666,-0.3513567210085158,0.5697007904807274,69046.7736039995,81777.35839422046,-38358.54829281927,0.7269666943231388,-0.34148534333256075,0.5703874345389226
195354,371317,1388963077.678,200,73634.67599817963,78847.74388691678,-33989.66475465416,0.5831771484689734,-0.5055229772481047,0.6390061810872971,73679.61804778157,78834.73005223594,-34100.4966253114,0.5901682448715738,-0.4954545781563652,0.6398561352737996
195355,371318,1388970105.181,200,77216.82410021072,74760.55080487186,-29275.35376784754,0.4339680167618203,-0.6574919561324017,0.7015920135117244,77310.06667049405,74819.35873767128,-29378.473369550484,0.4411917397439412,-0.6470543687274545,0.7024763257118849
195356,371319,1388977132.684,200,79696.95182702492,69606.80192111446,-24143.72975936835,0.2688521480157803,-0.8094124495632582,0.7577777522139346,79841.09500646437,69740.26433052897,-24239.08048284317,0.27658289464608465,-0.7984287650287254,0.758589542582703
195357,371320,1388984160.187,200,80946.66110346671,63379.41738348324,-18640.429731259486,0.08279192708554008,-0.9633999301328756,0.8072550645013172,81146.61554197571,63591.621251715886,-18728.633300802943,0.09142591655737467,-0.9516774203609034,0.8079106124650692
195358,371321,1388991187.69,200,80794.41421048519,56056.28421667704,-12816.206572837571,-0.1316493906891921,-1.1216276175382809,0.8488060906284649,81058.50994905643,56352.71930691315,-12898.370989559604,-0.12150816128164944,-1.1089471630396948,0.8492576976366686
195359,371322,1388998215.193,200,79003.42529811274,47599.76765733695,-6735.346707269277,-0.3859851462546668,-1.2863250316994188,0.8796334806372214,79345.36750877638,47987.54005413735,-6812.7072690486475,-0.3733582394433407,-1.2724349996047069,0.879909510239165
195360,371323,1389005242.696,200,75232.55248075195,37957.09389076556,-491.56623810429045,-0.6991999787021087,-1.4594668461616862,0.8937566983827139,75675.09840812215,38445.12012146503,-564.6350538395536,-0.6823823134409892,-1.4441019697570228,0.8940767690474807
195361,371324,1389012270.199,200,68960.9153691519,27066.16597800203,5757.261680550999,-1.105329773853023,-1.641267301820733,0.8777794810533243,69543.42154547245,27664.919996848363,5691.024007641083,-1.0810565888435175,-1.6242897205583038,0.8789130137748475
195362,371325,1389019297.701,200,59325.55849633664,14885.98569116478,11699.932605857719,-1.6727125681671569,-1.823329391447258,0.7977083552185289,60121.46857054173,15604.618640319817,11653.520405555833,-1.6338790418566274,-1.8055191015128784,0.8022974716291149
195363,371326,1389026325.204,200,44717.7939626506,1551.1564200677842,16586.80744205631,-2.560931914169192,-1.9509850656972128,0.5459866999077391,45882.17237039117,2378.55156507755,16613.070043053285,-2.4892346125912983,-1.9392802805411131,0.5649776566410168
195364,371327,1389033352.707,200,21652.95764813205,-11596.900107811267,17950.55328565593,-4.175065740927948,-1.6096256475987398,-0.3720418738461727,23562.027462159615,-10852.169897471837,18310.37031382992,-4.024544225466518,-1.671594780749594,-0.2722789580728829
195365,371328,1389040380.21,200,-12664.82482966835,-12260.53905841282,4795.538248151261,-4.246305065106927,2.4642191987460498,-3.673544392896447,-10484.239667943284,-13429.671382252951,6640.2732463245675,-4.6038471091489095,2.0254933488787,-3.5010556252202965
195366,371329,1389047407.713,200,-23074.948179533658,12287.02154430204,-19075.40516948909,0.3572060461754389,3.418514112096154,-2.60322015430626,-23195.941124666202,10411.38927393557,-17805.547899373414,0.21935528111633595,3.4826853319688498,-2.732046883727501
195367,371330,1389054435.216,200,-16473.627813405343,32891.06390037835,-32990.1421815344,1.28248413935207,2.494176121314717,-1.491494242355049,-17030.487366059886,31451.5384243882,-32354.078736338546,1.2623554255569358,2.546548319546058,-1.5522669395329147
195368,371331,1389061462.719,200,-6603.429368567247,48062.27634046676,-41236.43968851822,1.476473884566115,1.8636475395468768,-0.9076013804925279,-7208.155623716743,46925.65712167024,-40916.34106089272,1.478623949243055,1.8992560262521136,-0.9405772939313668
195369,371332,1389068490.222,200,3881.4178033443673,59505.3533293725,-46242.75378259944,1.4916400627276882,1.4151338623325538,-0.5412663531347114,3313.783243071145,58582.482187008005,-46103.82276476456,1.4996900862148297,1.4414241333530469,-0.5612369192225662
195370,371333,1389075517.725,200,14219.79890097958,68191.29384168716,-49092.73280092762,1.4442022482621584,1.06999429217399,-0.2829458951090564,13712.924257950368,67431.89107424112,-49066.874528703054,1.4539285053125144,1.090847206457892,-0.2957795257534006
195371,371334,1389082545.228,200,24116.985265358,74691.70694396495,-50363.12328504716,1.369374073993,0.7884107389178642,-0.08660679040569567,23677.104689418145,74065.56622299182,-50410.933202776745,1.37941191563327,0.8058865450716609,-0.09509251683911094
195372,371335,1389089572.731,200,33433.27572016002,79369.55518233184,-50401.22875132984,1.28019348652129,0.5485721988697271,0.07047154527883986,33060.76553506462,78857.52362754541,-50497.80367757213,1.2900609031760628,0.5638633361974456,0.06481889088764015
195373,371336,1389096600.233,200,42089.085425047015,82468.80722362426,-49434.79250621166,1.181938587824227,0.3374466917896782,0.2008619955765989,41782.31305848053,82058.35940170678,-49563.47161003593,1.1914786792240375,0.3513013422292586,0.19713430520570133
195374,371337,1389103627.736,200,50029.07169639308,84159.78431095528,-47622.73418687502,1.076651983221363,0.1466463498275815,0.3121163524746025,49785.88551728249,83842.68236269624,-47771.9734262613,1.0858452328654935,0.1595688737707984,0.3097259027645735
195375,371338,1389110655.239,200,57206.12384426875,84563.92836699501,-45081.4310092191,0.9647997628412796,-0.029586604924621517,0.4090450070435968,57024.521545438496,84334.90813446707,-45243.091906853115,0.9736944253965948,-0.017233000611231526,0.4075870608941292
195376,371339,1389117682.742,200,63572.94630093723,83768.17388966349,-41899.61879850808,0.845928239508111,-0.1954450726538235,0.4948345530032476,63451.431089693426,83624.17297287192,-42067.96514608655,0.8546152270708105,-0.18338128521552133,0.4940154473722002
195377,371340,1389124710.245,200,69076.60939050975,81833.62626490633,-38147.53609068105,0.7189074497973763,-0.3541640876288353,0.5716324403580333,69014.451271195,81773.32538425509,-38318.61201252508,0.7275151755067474,-0.34216086562512005,0.5712295662543255
195378,371341,1389131737.748,200,73654.01112526182,78800.88822514116,-33883.01308993941,0.5819651383495773,-0.5083927793511209,0.6408591872309097,73651.5173258332,78824.44831156112,-34054.23776037419,0.5906662850861333,-0.4962481608926157,0.6406979869882083
195379,371342,1389138765.25,200,77227.04900902844,74693.25998279694,-29155.969445216317,0.4325738582727751,-0.6604401848585614,0.7033605946585403,77285.92013511277,74802.19523011372,-29325.85594400732,0.4416029337279262,-0.6479628238852763,0.7033018424283827
195380,371343,1389145792.753,200,79696.47464639577,69518.48141342157,-24012.26812427663,0.2671826902950932,-0.8124508731456285,0.7594414860187073,79820.33193250491,69715.63936524504,-24180.204934053683,0.2768678932712249,-0.7994459728296034,0.7593763915926498
195381,371344,1389152820.256,200,80933.128319422,63269.40119147424,-18497.75530044864,0.08072132795162347,-0.9665372073561096,0.8087736256223228,81128.34104157501,63559.03895207318,-18663.794912997982,0.091540243862223,-0.9527932541298066,0.808627747064133
195382,371345,1389159847.759,200,80764.42411368951,55923.85733558456,-12663.565886228547,-0.1342974361745868,-1.1248686961144871,0.8501086548442129,81041.46933889147,56311.80998537673,-12828.141499248577,-0.12161712083123732,-1.110145070070682,0.8498609809896497
195383,371346,1389166875.262,200,78952.07240474771,47444.20606501883,-6574.649578145826,-0.3894695286017991,-1.2896659709910858,0.8805969775602975,79327.89014612844,47938.1277262964,-6738.058017601294,-0.37375566657517423,-1.2736868513326405,0.8803336384057934
195384,371347,1389173902.765,200,75152.64951287078,37777.78036939922,-325.8997848769516,-0.703926254533984,-1.4628758225938818,0.8941571312623172,75655.01193740754,38387.34545724944,-487.1398937419262,-0.6831524932668871,-1.4453564964339265,0.8942193391513209
195385,371348,1389180930.268,200,68841.53034384495,26862.971069877836,5922.557872711007,-1.111993295289363,-1.644618275767185,0.8771671761475149,69517.929117753,27599.49463440749,5768.820769491372,-1.0823112619628277,-1.6254437352905786,0.878599971748665
195386,371349,1389187957.771,200,59148.91690122753,14660.62686738965,11854.603044216321,-1.682658914533365,-1.826141775210557,0.7950237198824219,60087.01858218683,15533.429944200341,11727.356896648,-1.635756623618703,-1.806334281555921,0.8011983269407374
195387,371350,1389194985.274,200,44451.81652591559,1313.126511709333,16707.23181137451,-2.577132534009309,-1.951052689595086,0.5379831185476984,45834.690117021084,2306.3992895969227,16675.225304712778,-2.4917775954755426,-1.939087104163976,0.5623691583005818
195388,371351,1389202012.777,200,21236.79899314569,-11792.32065025096,17961.54606773522,-4.201353626541882,-1.591519586221376,-0.4000214791963406,23501.5414918356,-10911.422916756359,18345.506185291124,-4.0260216033540885,-1.6681081812396008,-0.2779176873755351
195389,371352,1389209040.28,200,-13042.53785460938,-12093.31526675538,4503.236262408622,-4.170214675415685,2.523339708634432,-3.694658822833295,-10510.644336821284,-13461.283633263334,6648.961355490182,-4.596505197494831,2.0226344602351385,-3.49825148819008
195390,371353,1389216067.783,200,-23102.00965107458,12490.18337467625,-19271.05009825242,0.3736095604795003,3.40558870606656,-2.586884797786232,-23240.42550620857,10343.601027564511,-17782.228414918933,0.21381366745643168,3.4820774653091284,-2.7336784068372184
195391,371354,1389223095.285,200,-16450.73829100553,33023.09040835607,-33108.849034709885,1.28495170138589,2.486749783134757,-1.484187821552616,-17099.961771717844,31386.497898470097,-32341.201559951143,1.2604991638210388,2.5483261354367004,-1.5537769197359637
195392,371355,1389230122.788,200,-6571.908086553874,48153.77014248433,-41315.383353212535,1.477008200382306,1.859136937522982,-0.9030995834016248,-7284.767941679104,46870.0063593071,-40910.40766674189,1.4783882837838145,1.9010413092617464,-0.9412992428720812
195393,371356,1389237150.291,200,3915.200660783664,59570.329671416526,-46294.30306636634,1.491845462363958,1.411935383465805,-0.5378197087270088,3238.1542464702948,58535.604073147675,-46100.643952867096,1.5001933073429352,1.4429315103336615,-0.5613893134010627
195394,371357,1389244177.794,200,14254.84412340262,68236.30659328584,-49121.90360713777,1.4443738738894332,1.067439251208522,-0.2799655152836443,13642.348031795713,67392.20651187317,-49063.36154553793,1.4547979832661655,1.0920645161943696,-0.2955315771150228
195395,371358,1389251205.297,200,24153.270759883682,74720.0600415517,-50372.23679301953,1.369555318734971,0.7861890900721102,-0.08385324663404249,23613.744469696758,74031.49862268017,-50404.80220343582,1.3804617813131461,0.8068448828835498,-0.0945549838369987
195396,371359,1389258232.8,200,33470.82550968102,79382.9788968846,-50391.446602406846,1.28036725732153,0.5465262529463217,0.07310792694348799,33005.733955617834,78827.67586344157,-50487.32137020887,1.2911854949286892,0.5645976158454962,0.06557039597730682
195397,371360,1389265260.303,200,42127.73544754555,82468.20761449511,-49406.729111627166,1.182071460168385,0.3354911551435195,0.2034343082816674,41736.06892246568,82031.53496347457,-49547.30314292104,1.1926115877711383,0.3518429437475289,0.1980446230906669
195398,371361,1389272287.806,200,50068.39941907162,84145.61306445609,-47576.741084406436,1.076705284477151,0.1447335912744407,0.3146492957084541,49748.44199735216,83817.87335233063,-47749.09417552047,1.0869412553288196,0.15994491462518814,0.3107519483907976
195399,371362,1389279315.309,200,57245.42512794622,84536.3824381879,-45017.748007464834,0.9647317107307468,-0.03148355272991606,0.4115468993257065,56995.56675767045,84311.27845214764,-45212.736833160605,0.9747207201382035,-0.01699898594092436,0.408692851590179
195400,371363,1389286342.812,200,63611.21128588497,83727.30551137628,-41818.468540673166,0.8456934232256856,-0.197341550155105,0.4973024906395143,63430.40376924058,83601.0435880274,-42029.60141492234,0.8555466129062413,-0.1832684497051222,0.4951689125235258
195401,371364,1389293370.315,200,69112.49203754759,81779.40429894165,-38049.194774326745,0.7184553010413766,-0.3560691878329698,0.5740542296910609,69000.59159319151,81750.16342886753,-38271.92768728158,0.7283314961098136,-0.3421501824761366,0.5724002627159654
195402,371365,1389300397.817,200,73685.78589780709,78733.22892405326,-33767.87462247132,0.5812378227581455,-0.5103128690793023,0.6432134137660953,73643.90428345435,78800.86033336777,-33999.14276500072,0.5913509000795327,-0.4963216055091171,0.6418552204149316
195403,371366,1389307425.32,200,77252.55042520317,74612.03696491268,-29024.61420402538,0.4315034495054427,-0.6623813736178592,0.7056152544160629,77283.50141962775,74777.92484286107,-29262.494424142027,0.4421419333768219,-0.6481025176615256,0.7044128335894733
195404,371367,1389314452.823,200,79713.01287678808,69423.5211342656,-23865.54679860249,0.2656870343363453,-0.8144206817664248,0.7615509797492791,79821.95092412613,69690.5704738051,-24108.98044332301,0.2772499291944193,-0.7996331484328975,0.7604041574781406
195405,371368,1389321480.326,200,80937.36756399248,63160.469943477314,-18336.90214111805,0.07869728044931347,-0.9685452348338498,0.8106731464143208,81132.7662872958,63533.206114438275,-18585.411456031008,0.09175710978290773,-0.9530068386044676,0.8095282951263123
195406,371369,1389328507.829,200,80752.19684792105,55800.64923990059,-12490.36691049565,-0.13698614491212302,-1.126925450499605,0.8517035705513483,81047.43370942131,56285.419838800655,-12743.667572696346,-0.1215685720075831,-1.1103594829753944,0.8505791791098988
195407,371370,1389335535.332,200,78918.0736042184,47306.351773349765,-6391.718162403394,-0.3930157507315542,-1.2917775224619,0.8817414382015895,79334.15467827494,47911.59909175885,-6649.026433715737,-0.3738686686705031,-1.2738682487231971,0.8807966550570436
195408,371371,1389342562.835,200,75089.88945975517,37624.92626508643,-137.1796446348716,-0.7086281246374188,-1.46502708517161,0.8946068114341275,75660.48969322932,38361.382776658334,-395.70627347416166,-0.6833980682399207,-1.4454558989089217,0.8943256487166439
195409,371372,1389349590.338,200,68740.26355019501,26695.079627720133,6110.752394976777,-1.118364075640385,-1.6467189630121533,0.8764608939904766,69521.96413104214,27575.223264955093,5859.6203989723335,-1.0826042328362264,-1.6253839771512502,0.8782006563208392
195410,371373,1389356617.841,200,58994.31658457457,14479.06961225164,12031.05296203364,-1.6917018750309267,-1.8278165831584856,0.7921260208120375,60090.123892017175,15512.64438258349,11813.190513152156,-1.6358462945510457,-1.8059877967156261,0.800070382968295
195411,371374,1389363645.344,200,44218.39081626564,1125.446198657616,16848.01163115433,-2.591053905408643,-1.9505362358544591,0.5298631675592068,45840.943146106525,2291.881381517393,16749.985544020736,-2.490808675585112,-1.938294092633242,0.5602515852286125
195412,371375,1389370672.847,200,20878.84932163653,-11941.57876860788,17995.9177244456,-4.222310685121253,-1.5762954877591542,-0.4264350686445831,23528.61488556283,-10918.376452133354,18403.862986226675,-4.02038455943665,-1.6680784642660056,-0.27991139511867513
195413,371376,1389377700.35,200,-13348.790118622052,-11952.2631707501,4259.285420793482,-4.104271418184147,2.567799636990039,-3.7156499216321546,-10435.79273878725,-13529.46851505291,6731.029210238654,-4.602674878661347,1.9998423287364369,-3.490588887553023
195414,371377,1389384727.853,200,-23104.799971394434,12643.20622605536,-19457.91034845573,0.3891925689879894,3.393742335455907,-2.575344316745693,-23266.331703025357,10208.435758974389,-17726.497857279486,0.20496249353408105,3.4835117738235466,-2.741204380452668
195415,371378,1389391755.356,200,-16399.97084882169,33111.24422163156,-33239.20320261344,1.288418295251419,2.479944189530197,-1.4784828270232082,-17153.937692711923,31270.978605724507,-32324.05575224458,1.259092763948274,2.551418880846166,-1.5572955996483913
195416,371379,1389398782.859,200,-6505.914838440501,48204.84420512772,-41412.88077991158,1.478346725344924,1.8550221701506608,-0.899119356083715,-7339.1318120402575,46774.10278675375,-40910.5201304995,1.4787678134225837,1.9035442746180828,-0.942699298000226
195417,371380,1389405810.362,200,3988.063918290532,59597.55299886749,-46366.24100497501,1.492559287558706,1.409115417031222,-0.5344289888137189,3190.7986909712445,58455.250622566484,-46107.09054575083,1.5010983096185389,1.4449143826448576,-0.5616770392511319
195418,371381,1389412837.865,200,14331.580552997168,68246.3739450446,-49170.94830834804,1.444788208185434,1.065311828643845,-0.276808016603086,13604.143480267196,67324.27271679342,-49070.01711249808,1.4558372284216003,1.0936687182295122,-0.2951673127649712
195419,371382,1389419865.367,200,24232.15487595165,74716.73072597983,-50399.504791994266,1.3697588038431727,0.7844708015057508,-0.08080068486742235,23584.974373087032,73973.73206974058,-50407.892124257014,1.3814830524870478,0.8081720627631404,-0.09378103622969904
195420,371383,1389426892.87,200,33550.46080423563,79368.54779485683,-50397.47827909378,1.2803777625453578,0.5450664677515263,0.07610354945892682,32985.88100116736,78778.44332562241,-50484.39264327109,1.2921211525547474,0.5657176825821695,0.06661017781094951
195421,371384,1389433920.373,200,42206.74923478036,82444.1576357245,-49391.86141631904,1.181881719725674,0.3342020958565447,0.206387252375219,41724.22936369546,81989.64030878394,-49536.73465920353,1.1934295027608657,0.35280532030859435,0.19925618465952544
195422,371385,1389440947.876,200,50145.32489261583,84112.93423524394,-47541.27498603612,1.076297078818795,0.1435592844695215,0.3175572644478216,49743.516074025145,83782.43896181662,-47729.83871488467,1.087626206492478,0.1607858180804442,0.3120685767965457
195423,371386,1389447975.379,200,57318.64472819612,84495.73560438764,-44962.036894646415,0.9640808214968406,-0.03258263240372333,0.4143979863509988,56996.35781187468,84281.66626712812,-45184.17529016782,0.9752664399670978,-0.01625211779712324,0.4100636416677608
195424,371387,1389455002.882,200,63678.92175117807,83679.10590036356,-41742.97410041288,0.8447713599473311,-0.1983968123224775,0.5000780706810827,63435.676786688564,83576.8005409589,-41991.456979574265,0.8559521168121976,-0.18259423997965404,0.496552253557866
195425,371388,1389462030.385,200,69172.67596906159,81723.85999712847,-37954.52983436304,0.7172295671779902,-0.3571087994724776,0.5767299807359679,69009.1120241881,81730.98183704441,-38224.21532606096,0.7285993691596875,-0.3415315890873785,0.5737597765653872
195426,371389,1389469057.888,200,73736.18147187751,78670.3522616914,-33654.84294822624,0.579671129710122,-0.5113647712281483,0.6457592189601451,73654.46754811464,78786.54786782654,-33942.14190429321,0.5914866195061466,-0.4957447887994146,0.6431569111282067
195427,371390,1389476085.391,200,77290.61138063946,74541.6387898809,-28894.25459226196,0.4295516553300367,-0.6634752278035186,0.707994044895619,77294.95935889898,74768.38070174665,-29196.738990032787,0.442153878344691,-0.6475560810748526,0.7056227634521345
195428,371391,1389483112.894,200,79735.84750294499,69345.19384000746,-23719.19018897708,0.2632950520515324,-0.8155891774281719,0.7637160644402701,79833.24003497143,69685.76515496186,-24035.263985082827,0.2771500294115856,-0.7991076363704921,0.7614861829179225
195429,371392,1389490140.397,200,80941.63761451209,63073.562825863126,-18176.25589454611,0.07579140818576803,-0.9698249859982424,0.8125628735245558,81142.94251966992,63533.16335808102,-18504.80889022558,0.09156238055512464,-0.9524944194681038,0.8104414186212144
195430,371393,1389497167.9,200,80733.94149654535,55704.23904836341,-12317.65281580289,-0.1405126268305185,-1.1283574096024929,0.8532307569805392,81055.72219956106,56290.19882507138,-12657.57774427427,-0.12183295137979985,-1.1098538446304067,0.8512739607105279
195431,371394,1389504195.402,200,78872.38998167239,47199.21454366781,-6209.9190640131055,-0.3973306753187072,-1.2934058692579709,0.8827715214722246,79340.02966102178,47921.2740091976,-6559.244690203846,-0.37416311515451095,-1.273364889721052,0.8812097912949844
195432,371395,1389511222.905,200,75010.32357936028,37505.53380156274,49.47972656682197,-0.7140191450570589,-1.466891831656407,0.8949087709847939,75663.81795450099,38376.01378208514,-304.54479387206436,-0.6836550158060931,-1.4449535309923758,0.8943711639872834
195433,371396,1389518250.408,200,68617.55991055847,26561.72223234688,6295.757888122896,-1.125374876027232,-1.6488207008910412,0.875581065806539,69523.2958971099,27594.801334361142,5949.132087331966,-1.082695095469406,-1.624890006015958,0.8777552218701759
195434,371397,1389525277.911,200,58813.568557772414,14330.58525686961,12202.93131074855,-1.701492451517167,-1.829940936741094,0.7889933219790415,60091.37418018736,15536.937550019044,11896.976932869931,-1.6354877044710248,-1.8055429903436648,0.798952285547515
195435,371398,1389532305.414,200,43951.61950752815,965.3997278184672,16981.65555362075,-2.606471762147246,-1.951148205755133,0.5211306500430465,45847.32368026408,2319.7896935082103,16822.507335549755,-2.4892352390776327,-1.9381231544713715,0.5582401406300019
195436,371399,1389539332.917,200,20467.81003069401,-12071.437647646953,18011.3074309632,-4.248085501622514,-1.561417624335132,-0.4567988906268741,23555.380328134237,-10893.503831789014,18459.46558495755,-4.015102542386132,-1.670155618479334,-0.2822100935973196
195437,371400,1389546360.42,200,-13712.70092819564,-11737.351337954131,3926.853999301218,-4.022835497130078,2.626903187788168,-3.7459277696125866,-10375.739916735103,-13569.674629093444,6785.090454580954,-4.606885678035161,1.981663573684065,-3.4901493755903217
195438,371401,1389553387.923,200,-23059.09881582931,12892.40642876671,-19724.30884984909,0.4130681067739283,3.378882060671337,-2.559124365140273,-23260.47444790912,10119.650296317852,-17716.350678320807,0.20159333720422487,3.483670075153625,-2.747217055812625
195439,371402,1389560415.426,200,-16269.50529420752,33272.82110178901,-33422.01130376293,1.29386512669758,2.470222334690817,-1.469785416591117,-17153.39895760229,31193.081121933574,-32342.275819594423,1.2592593161731669,2.5527498406450806,-1.5592365119280511
195440,371403,1389567442.929,200,-6354.000810227936,48311.9247331646,-41545.856832143836,1.4798119682819568,1.8488699736792455,-0.8932146984751139,-7332.710792199493,46707.71222272825,-40937.10503638512,1.4793665326127636,1.9047260443787664,-0.9429352646200908
195441,371404,1389574470.432,200,4144.647701153681,59668.77915761885,-46462.479765419186,1.4926231232248917,1.4048856376303769,-0.5297353404684171,3203.9258798587675,58398.73971886054,-46133.18042881184,1.5016308347431706,1.445954307016783,-0.5611064877908053
195442,371405,1389581497.934,200,14486.041486677781,68292.20998114048,-49236.64987885925,1.444186699256106,1.062224823844656,-0.2727520181571368,13622.868236120828,67276.47039916358,-49091.096892446134,1.4562053718760568,1.0946160148805368,-0.2941686670193698
195443,371406,1389588525.437,200,24380.879636842783,74743.61767826496,-50438.172651764784,1.368754385615029,0.7821143218430197,-0.07713594301861952,23607.78185093687,73933.86769197059,-50421.46277966848,1.3816746686648518,0.8090602317972014,-0.09254451485895067
195444,371407,1389595552.94,200,33691.05462018556,79380.70641864487,-50411.4027721758,1.279079770195134,0.5432000831779358,0.07949399400275327,33011.23032238852,78746.00906050352,-50489.05187864762,1.292146417883546,0.5665676061382642,0.06797552177588811
195445,371408,1389602580.443,200,42337.341560953886,82444.45350184989,-49382.742594063086,1.180338456816585,0.3326713013729122,0.2095614654139978,41750.666409503305,81964.29721837532,-49531.75063191577,1.1933044897962195,0.3536298312376503,0.20068121341246808
195446,371409,1389609607.946,200,50264.27488824755,84103.32530814673,-47510.52111366713,1.074528911392813,0.1422557739648353,0.3205433149128779,49769.70941035033,83763.95544070457,-47714.928009499694,1.0873681093345795,0.1615924734457129,0.3135056716036621
195447,371410,1389616635.449,200,57424.398676687575,84477.51897947275,-44910.92303580896,0.962093565349864,-0.03374101739519438,0.4172072141386159,57021.11012218497,84269.87526530004,-45159.37729120203,0.974892194799564,-0.015459510794838887,0.4114774952973664
195448,371411,1389623662.952,200,63769.93318632631,83653.05956324593,-41672.73400918768,0.8425617950268195,-0.1994770022925267,0.5027116495716857,63457.927580704054,83571.56704257912,-41957.05906633897,0.8554781320184907,-0.18181481954882567,0.4979147696532801
195449,371412,1389630690.455,200,69247.34977217075,81690.32545476641,-37866.414543293264,0.7147871240947117,-0.3581689183728168,0.5791821734589155,69027.93807616312,81732.17585613107,-38180.707523050114,0.7280416402620722,-0.3407670956438308,0.5750469484565728
195450,371413,1389637717.958,200,73792.82082137489,78629.28090912143,-33550.16393524827,0.5769771265474675,-0.5124582980438487,0.6480186324654421,73669.0833881076,78794.01952392697,-33890.19037804131,0.5908609883734199,-0.4949995633342345,0.6443466672314461
195451,371414,1389644745.461,200,77327.35161888924,74492.61324892125,-28774.423868522787,0.4265763053111294,-0.6646541104133619,0.7100432605812769,77304.7185813984,74781.93463124344,-29137.173388683837,0.4414763640383349,-0.6468373796078579,0.7066932201900822
195452,371415,1389651772.964,200,79750.55960310902,69287.42882634379,-23585.76920540252,0.2599916232065226,-0.8169066460014291,0.7655294072153084,79837.63770701831,69705.13180438605,-23969.07721461559,0.2764372273700935,-0.7984263164199101,0.7624139120800014
195453,371416,1389658800.466,200,80931.77580523942,63005.88675972354,-18031.030056513693,0.0720857955317102,-0.971338536624352,0.8141013261027912,81141.61934737129,63557.96324708644,-18433.169875200732,0.09083192744544173,-0.95186619147994,0.8111993405413971
195454,371417,1389665827.969,200,80696.29104639804,55625.04923076455,-12162.75506568179,-0.1447410771497956,-1.130132312556601,0.8544315366385439,81048.4701075763,56319.89437724091,-12581.86174264384,-0.12256182969092262,-1.1093014564489312,0.8518282713764095
195455,371418,1389672855.472,200,78802.6244436162,47106.41377229727,-6048.067279290448,-0.4022862083834922,-1.295518278297313,0.8835259090028956,79326.79820568394,47955.09992212875,-6481.091708473392,-0.374868999468332,-1.2729220211601142,0.8815147790514447
195456,371419,1389679882.975,200,74902.17704709439,37396.45219844425,214.50644019014217,-0.7200684790036902,-1.4694272777486002,0.8950104797616029,75644.71877224142,38412.86724843107,-225.96839890813632,-0.6843139334297952,-1.4446721302620136,0.8943592579839332
195457,371420,1389686910.478,200,68461.1276531428,26433.120854685763,6458.032570141499,-1.133234655282842,-1.6518450122484791,0.8745877557489462,69498.59425062891,27633.055337432797,6025.529691204322,-1.0832817295426975,-1.6248550394421517,0.8773149327494155
195458,371421,1389693937.981,200,58591.353301405936,14179.26708291516,12351.450470319429,-1.712745422875376,-1.833311051860776,0.7857688261639598,60061.42668726942,15574.097135414355,11967.525547943147,-1.6359844160674186,-1.8059039201610496,0.7978691567937739
195459,371422,1389700965.483,200,43627.80997381536,792.8938063818222,17090.170308743618,-2.625203011707084,-1.953154000663177,0.5117947351012523,45812.2827104488,2351.831105753164,16881.153936716953,-2.4896810924502417,-1.939153615660173,0.5559867641558193
195460,371423,1389707992.986,200,19959.9057157104,-12215.923184667849,17985.82549695484,-4.282645258056339,-1.543797979931022,-0.4928071036084831,23513.903781608322,-10872.69936569322,18492.556161401862,-4.01576397785962,-1.6720093379350387,-0.2876413749320645
195461,371424,1389715020.489,200,-14173.462437704331,-11423.48633652322,3470.109814198131,-3.916965453701996,2.7082423058800504,-3.7815987096750567,-10412.411050553324,-13549.413138681579,6748.700441383779,-4.5986152895332735,1.984572205600721,-3.501957753271076
195462,371425,1389722047.992,200,-22982.187075760412,13270.17890811981,-20069.63649218603,0.444669611186776,3.360430206334406,-2.5350352979162807,-23232.326642288524,10138.796372049594,-17784.923214939412,0.20728429697485065,3.480817952078738,-2.7467059303756485
195463,371426,1389729075.495,200,-16083.23040676349,33537.56463781196,-33643.624731971315,1.30033165846393,2.457308194366039,-1.4570806892310342,-17101.322919122154,31200.021495830988,-32404.673628332504,1.2609012086451454,2.550994626494478,-1.5576948855485406
195464,371427,1389736102.998,200,-6145.723440652801,48503.40741938015,-41696.70186973039,1.4807242502580942,1.840486433336961,-0.8851293582124353,-7272.667783011833,46708.79754148098,-40989.18679395967,1.479718278502199,1.9037930699263768,-0.9412515747688976
195465,371428,1389743130.501,200,4351.769129870324,59811.05616496799,-46564.91848788962,1.4916677814689008,1.3990351432484371,-0.5238092000015973,3265.608466798673,58397.8241264602,-46173.932501535965,1.5013904019563091,1.4455074472570384,-0.5594176806112591
195466,371429,1389750158.004,200,14683.26287171161,68399.1295568292,-49302.022013734815,1.442422855040381,1.057893337600222,-0.2680270718878718,13682.770497087406,67275.85413843722,-49120.34640658878,1.4556331862560468,1.0944785589134831,-0.29252187108004746
195467,371430,1389757185.507,200,24564.10287620633,74823.74939525923,-50473.189012709154,1.3665750338842602,0.7787538566704996,-0.07317089701098475,23663.73936078594,73935.02276891026,-50439.419979663966,1.3808962722656453,0.8091317044651949,-0.09096237138172936
195468,371431,1389764213.01,200,33858.036669181136,79439.638334202,-50420.51566383016,1.2766558192991728,0.5404844981910403,0.08292894837889814,33061.759905698884,78749.91638226778,-50496.141953823484,1.291233332055092,0.5667846837144482,0.06948009751633387
195469,371432,1389771240.513,200,42486.6845142046,82485.92650101415,-49369.17813494073,1.177751731826703,0.3303893466936395,0.2125969318314035,41794.715548841785,81971.61224798992,-49528.53349675743,1.192302488921797,0.353948688196594,0.20209994227554007
195470,371433,1389778268.016,200,50394.993977328944,84129.84188249221,-47476.78683893625,1.071819894108069,0.1402604311679434,0.3232584039151868,49806.52804339211,83775.09436244277,-47702.05426384049,1.0863090609221109,0.16198007514048182,0.314832669236706
195471,371434,1389785295.518,200,57535.708389138694,84490.69331024952,-44859.08134489418,0.9592804266845768,-0.03555869694860889,0.4196520792226367,57050.17624791888,84285.060700003,-45137.562242752254,0.9737996716937336,-0.015030138060798453,0.4127080926824195
195472,371435,1389792323.021,200,63861.12175226992,83653.82886692026,-41604.56120175248,0.839648090560748,-0.2012025913251562,0.5049188970409867,63478.8998552221,83590.8511079998,-41927.06690958225,0.8543702774142441,-0.1813674544724635,0.4990447868158068
195473,371436,1389799350.524,200,69317.68717577799,81679.08027328295,-37783.50109378243,0.7117642163203204,-0.3598736287038465,0.5811727600041887,69040.62187585693,81755.44855306443,-38143.34213441782,0.7269326511563913,-0.34032428382119434,0.5760721428930201
195474,371437,1389806378.027,200,73841.47223882396,78605.94333788982,-33453.985164910155,0.5738234927051192,-0.5142051054892286,0.6498046407503326,73673.40296215372,78821.00634878907,-33846.291486602764,0.5897617832531745,-0.4945841807043166,0.6452621987977245
195475,371438,1389813405.53,200,77353.27675704005,74456.67775077798,-28666.39902362173,0.4232541968366055,-0.6665024584768146,0.7116285025226894,77300.69100092353,74812.18438156294,-29087.617569077265,0.4403946109818041,-0.6464741425865611,0.7074930067769302
195476,371439,1389820433.033,200,79752.37761245959,69237.97235082023,-23467.323449363663,0.2564403953773447,-0.8189165907476814,0.7669079395959357,79825.34352576638,69737.99372230968,-23914.78491558845,0.2753766809674803,-0.7981435106607113,0.763089692009961
195477,371440,1389827460.536,200,80907.56607323831,62941.54904503876,-17903.67548049464,0.06820975395900923,-0.9735749041724724,0.8152530606774838,81121.16375205926,63592.55080623554,-18375.121449557508,0.08979072965753848,-0.9516979475501772,0.8117391208627212
195478,371441,1389834488.039,200,80643.27595900481,55543.98721690633,-12028.22256186798,-0.1490950797001696,-1.13266892105053,0.8553124347982033,81019.92405765028,56355.030158311936,-12521.128680197795,-0.12359477656007252,-1.1092910572511927,0.852213485418158
195479,371442,1389841515.542,200,78716.62894498586,47006.22147167056,-5908.538338145736,-0.4073730543047174,-1.298441600756962,0.8840461868994927,79290.09818247732,47989.23133065566,-6418.896639613769,-0.3759217761226269,-1.2731270147446956,0.8817145314541559
195480,371443,1389848543.045,200,74776.6250258171,37274.07500848216,355.9198303883785,-0.7263394295901237,-1.472833737851485,0.8949816834849631,75599.47708770956,38443.93759292062,-163.8080776205214,-0.6854491258640567,-1.4451723256378604,0.8943172355775872
195481,371444,1389855570.548,200,68284.98627958339,26284.87709156479,6596.168917482288,-1.141564289697403,-1.655803723560027,0.8735752248064599,69443.69855287719,27658.308116898872,6085.606494407281,-1.0846403832147844,-1.625763638937336,0.8769149090472571
195482,371445,1389862598.05,200,58344.34936058964,14001.61802398455,12475.98808063352,-1.72505867158998,-1.837632184390173,0.7825896135600008,59994.07299068615,15589.821422133089,12022.18224281398,-1.6379131830293288,-1.8073688486886308,0.7968235199193306
195483,371446,1389869625.553,200,43267.36870152227,588.1794186439838,17174.400196758033,-2.646483551337658,-1.955736074394036,0.5021917385849451,45725.21233366822,2353.4793528103296,16923.26933267061,-2.493169157347884,-1.941191623328652,0.5533496042834105
195484,371447,1389876653.056,200,19386.174858831208,-12387.0774322583,17926.398752536483,-4.323181833014627,-1.522321660674203,-0.5324599546944702,23386.53246941089,-10883.963429442225,18498.63485728496,-4.023680705311132,-1.67180633831229,-0.2967846679407581
195485,371448,1389883680.559,200,-14685.91772422593,-11050.00335136969,2942.9700518544787,-3.79521079536372,2.800402899506849,-3.813708584367475,-10558.888495200865,-13475.124257086083,6620.010633149836,-4.575795237073672,2.01050616871748,-3.5230260850406605
195486,371449,1389890708.062,200,-22903.4836567427,13716.314775681609,-20439.53964229406,0.478090457450128,3.340385790451521,-2.506124630885115,-23202.176752988715,10256.716462054412,-17914.846433920782,0.21976471360105024,3.4752025316834594,-2.739104754428026
195487,371450,1389897735.565,200,-15892.45262085006,33860.447707110936,-33867.33558114145,1.306436335565616,2.443161412955941,-1.4423445451367802,-17029.628919609346,31284.112432475453,-32493.005825245185,1.2630547234486211,2.5468001404398346,-1.553030522651634
195488,371451,1389904763.068,200,-5936.84316145615,48745.64988133867,-41839.83045897329,1.480990421782059,1.8311992325611168,-0.8761355706988623,-7195.786735149109,46772.02532666644,-41050.89965758123,1.4795458866373892,1.901276099734024,-0.9380964838590358
195489,371452,1389911790.571,200,4555.000232933616,59998.380112576364,-46655.4006002042,1.4901013479926382,1.392442421830132,-0.5175278067732292,3337.81987476458,58448.85847919108,-46216.27629913276,1.5004596030553865,1.4439517857531758,-0.5570276072363446
195490,371453,1389918818.074,200,14872.653381545342,68546.17446983555,-49354.13475700297,1.4401536868158018,1.0528932714548809,-0.2632595551196841,13746.682450867622,67319.69597627444,-49147.342943362724,1.4544119336362713,1.0934999142684354,-0.29058980742199425
195491,371454,1389925845.577,200,24736.36637015444,74939.42820005647,-50495.36906310696,1.364011228593183,0.7747538452110658,-0.06935388532040249,23717.863846360247,73974.70250984622,-50453.68080200461,1.3795671677785561,0.8085174259200695,-0.08934045353209666
195492,371455,1389932873.08,200,34011.78245093496,79529.65458155227,-50418.28500405527,1.273967746652147,0.537135813136741,0.08609637941402082,33105.544519709685,78787.32372446076,-50499.56120576152,1.2898806724558551,0.5664058136155325,0.0708729329281564
195493,371456,1389939900.583,200,42621.3412197821,82554.02378876849,-49346.43061246887,1.175015214081849,0.3274700799688555,0.2152913291717179,41828.08547733217,82007.91111470285,-49522.592533143514,1.1909695748416946,0.3537200183806584,0.2033127030805945
195494,371457,1389946928.086,200,50510.351331147765,84178.47637866602,-47436.428037029415,1.069066877865063,0.137619644687993,0.3255909406854468,49829.67869643309,83810.94574312755,-47687.97278549898,1.08501941923324,0.16184078079511507,0.3158972579658823
195495,371458,1389953955.589,200,57631.68959821546,84521.42012126153,-44803.37824764038,0.9565189127642711,-0.03803003726574226,0.4216965217194553,57063.46424087628,84320.7488715299,-45116.38084442655,0.9725659503724596,-0.015126711422244631,0.4136464415845368
195496,371459,1389960983.092,200,63937.647363430115,83667.53381167937,-41535.34968399579,0.8368701607381506,-0.2035879907584656,0.5067258749594894,63482.77655229451,83626.35713088617,-41899.696235388816,0.8531982048663534,-0.1814596545322745,0.4998725182586904
195497,371460,1389968010.595,200,69374.57476035338,81676.12151133985,-37702.31912147999,0.7089485847392966,-0.3622410801111468,0.5827773106254692,69035.58576853918,81790.49243254027,-38110.5949097025,0.7258226913306801,-0.34044584471238426,0.5768005065007206
195498,371461,1389975038.098,200,73878.34166414906,78586.23557160658,-33362.16725802787,0.5709348411653812,-0.5166137515810763,0.6512300403196614,73659.9588992141,78855.06837905392,-33808.90566540719,0.5887094626318068,-0.4947668328253349,0.6458990369422023
195499,371462,1389982065.6,200,77369.44114539777,74419.73649847161,-28565.152820858686,0.4202397139936422,-0.6690074821339969,0.7128876309988598,77279.30748255145,74844.51100989246,-29046.276233305747,0.4393898110401813,-0.646749722266605,0.7080430361582704
195500,371463,1389989093.103,200,79746.69830994564,69182.92737710923,-23357.80441828707,0.2532227651934094,-0.8215732168141157,0.7680024126888039,79796.40064557237,69767.58989238666,-23870.13711414865,0.27440173243045474,-0.7985459726001035,0.7635541287198717
195501,371464,1389996120.606,200,80878.23984834227,62867.131304897724,-17787.077412523693,0.06467433088525877,-0.9764419785465768,0.816169375175063,81084.88112602803,63618.15823953332,-18327.809101512936,0.08881665119475148,-0.9522656003480366,0.8121143851937538
195502,371465,1390003148.109,200,80587.49800004525,55448.492009887595,-11905.91200716701,-0.1531240372394315,-1.1358120230318491,0.8560126768809388,80976.25039701769,56375.08917526253,-12471.828384805243,-0.1246154539426202,-1.1100693131789825,0.8524882012134926
195503,371466,1390010175.612,200,78630.01883653065,46887.45498552094,-5782.290864294753,-0.4121789828505666,-1.3019341645757758,0.8844466213817026,79238.52693003863,48001.822772769054,-6368.394937963235,-0.3770692310647164,-1.2741718132451072,0.881862753245111
195504,371467,1390017203.115,200,74652.16752532107,37129.31739146694,483.44126196065537,-0.7324126714892851,-1.476748974179234,0.8948999820257393,75538.71033839976,38446.70180233674,-113.1532759850436,-0.6868666957270829,-1.4465535253200077,0.8942820674202617
195505,371468,1390024230.618,200,68110.87391903534,26111.01402255658,6720.294318304847,-1.1498382221454562,-1.6601641298608705,0.8725821022396398,69370.96848796772,27648.35842572677,6134.754054516411,-1.0866070280234723,-1.6275623891776991,0.8765634874593151
195506,371469,1390031258.121,200,58098.99282265769,13796.199163685513,12586.89755806451,-1.737557843830279,-1.8421343952284968,0.7794973819164618,59903.586841430966,15563.797042302285,12066.594435536015,-1.6410418045391904,-1.8096297286080392,0.7957973025478863
195507,371470,1390038285.624,200,42905.924228753385,356.0730801054962,17245.71792188041,-2.668368952056191,-1.957920267333315,0.4926796226695497,45603.969893365465,2308.7882504089725,16954.82531358157,-2.499041946786366,-1.943520727128972,0.5504005654380129
195508,371471,1390045313.127,200,18805.965454005232,-12576.37708068524,17853.60789941617,-4.364294666935695,-1.4979180091896038,-0.5724555744139859,23202.21771567913,-10936.290105733126,18487.43017966725,-4.036266532018411,-1.6688584940525075,-0.3082422491476664
195509,371472,1390052340.63,200,-15183.53184333009,-10675.03530233072,2423.322748036766,-3.672881233997845,2.887908214127332,-3.836573280334941,-10768.526228319752,-13380.2567710479,6445.948253322076,-4.543880124433922,2.0489735338662682,-3.5453164215450537
195510,371473,1390059368.133,200,-22843.42011795955,14151.358465547619,-20780.15459966671,0.5080373075685122,3.3212157588760958,-2.477288777264918,-23190.125564830894,10412.731807587226,-18056.845200226046,0.2332304988820428,3.468516775009627,-2.727671591141493
195511,371474,1390066395.635,200,-15734.563858792832,34179.09863724453,-34064.28530232163,1.3114439455868458,2.42987873342862,-1.4280713833544942,-16978.984296953782,31397.621906796685,-32576.06022121983,1.2645344122203843,2.5420716731247546,-1.5472425457805492
195512,371475,1390073423.138,200,-5765.473872301812,48988.47896531474,-41959.51893769769,1.480927410714885,1.8224327837590344,-0.8676137356267677,-7145.995660267573,46859.88338787668,-41101.88984698483,1.478862544324345,1.898514143783808,-0.9346730819657636
195513,371476,1390080450.641,200,4719.815601669546,60189.009341576624,-46725.695359296114,1.4885701201636707,1.386116827935031,-0.5116981558323467,3378.648508459992,58521.337261173525,-46246.719294524315,1.4992799970076467,1.4422294528416757,-0.5547034018572486
195514,371477,1390087478.144,200,15024.683690661008,68697.72531659204,-49389.13956299754,1.438133155095483,1.047977442947654,-0.2589158811128351,13776.807144228304,67382.32064753161,-49163.11060673419,1.4531604256561046,1.092352886505756,-0.2888704874703648
195515,371478,1390094505.647,200,24873.53923099329,75059.70941458804,-50503.30876708066,1.361835644469406,0.7707038153505302,-0.06592855868717938,23737.38714111013,74030.57401907492,-50458.244362247766,1.3783780156158625,0.8077005239356814,-0.08799487442145787
195516,371479,1390101533.15,200,34133.52291425021,79623.5555554452,-50404.44515093436,1.271763690245192,0.5336379180004363,0.08890705399254918,33115.20703342085,78838.19240481265,-50495.185690558086,1.2887987844588769,0.565776315866824,0.07196853751604006
195517,371480,1390108560.653,200,42727.64124484683,82624.68817246598,-49314.452681989904,1.17282888171663,0.3243289064206902,0.217665715885922,41828.85483521781,82054.6995373785,-49510.85703320186,1.1900068233302108,0.35318725930961165,0.2042314873132959
195518,371481,1390115588.156,200,50601.38472790835,84227.92532145655,-47388.95566364241,1.066908070732686,0.134705052810111,0.3276411167627227,49822.58152826517,83854.02522725187,-47670.02869564505,1.0841735423562249,0.16134259721740898,0.3166857114480166
195519,371482,1390122615.659,200,57707.62441670383,84550.90526185316,-44742.413248466706,0.9543779406148344,-0.04081016817118294,0.4234963013499103,57049.505224932764,84360.09640045089,-45093.09406417502,0.9718275602284232,-0.01563599815295714,0.4143356702279779
195520,371483,1390129643.162,200,63998.53604922197,83677.7463991091,-41462.46516039937,0.834724341837596,-0.2063029348545727,0.5083251334394858,63462.890873892655,83661.64894779488,-41871.73273004493,0.8525533555778443,-0.18201588628071488,0.5004839847278109
195521,371484,1390136670.665,200,69420.27072318504,81667.31858549404,-37618.79827024983,0.7067640046274366,-0.3649463152756116,0.5842095853283871,69010.60312921737,81821.16136324311,-38078.4769560908,0.7252534857746912,-0.34107899534732844,0.5773490625401065
195522,371485,1390143698.167,200,73908.41799631245,78558.31508781995,-33269.1028215876,0.5686652485656407,-0.5193567847226221,0.6525164166514501,73630.56811099664,78880.33899864729,-33773.053128293315,0.588193543586176,-0.4955035655780534,0.6463944563534196
195523,371486,1390150725.67,200,77383.09270180594,74372.27835046135,-28463.52834949439,0.4178228697483087,-0.6718319018798787,0.7140381546012126,77246.01499251228,74863.42001839034,-29007.040941951112,0.43889889092574585,-0.6476151991882181,0.708490559211795
195524,371487,1390157753.173,200,79742.60722719612,69115.20982293348,-23248.573380490943,0.2505734680619383,-0.8245217187091345,0.7690152509831103,79759.47507439906,69778.99585445925,-23827.836908370282,0.2738989146971233,-0.7995652452289701,0.7639541175621092
195525,371488,1390164780.676,200,80854.37471845729,62778.12880273689,-17671.25788875709,0.0616719906849099,-0.9795586377269396,0.8170269980726486,81044.27297882308,63620.74366702341,-18282.768832912363,0.08825181119100581,-0.9534647144450992,0.8124608288630467
195526,371489,1390171808.179,200,80540.79372545036,55336.86055381309,-11784.72495092835,-0.15665807016840602,-1.1391434268616192,0.8566726627940953,80931.46862764617,56367.35706325964,-12424.438046588013,-0.12531388309772726,-1.1114760377454322,0.852765223949552
195527,371490,1390178835.682,200,78555.8322265875,46751.51878934661,-5657.398534175272,-0.4165252835877628,-1.3055272452020172,0.8848206636516995,79188.43604288595,47982.09309459855,-6319.205987798691,-0.378009726114108,-1.275815264511632,0.8820368826452397
195528,371491,1390185863.185,200,74543.27883138784,36967.10347072288,609.4607018142567,-0.7380460949892458,-1.48063699233288,0.8948026676821096,75481.17171468952,38413.12537674575,-63.0614609964296,-0.6882261969746245,-1.4484598254643426,0.8942840688242879
195529,371492,1390192890.688,200,67955.47232553226,25920.51521193425,6842.852515517211,-1.15764520891911,-1.6643044068555468,0.8715881542697852,69302.14565246383,27599.008892728423,6184.111545692061,-1.088702390691224,-1.6297347375663582,0.8762402062567524
195530,371493,1390199918.191,200,57876.08232625159,13576.66966889799,12696.38013265767,-1.749423112698584,-1.846113843482393,0.7764581663949989,59816.4345204952,15497.10058951464,12111.814524192832,-1.644513680747329,-1.811956652019268,0.7947581800539408
195531,371494,1390206945.694,200,42573.15960139541,115.1011187295925,17316.66884857523,-2.688970982951945,-1.959107343569816,0.48349406184725,45484.463709311436,2225.679913817989,16987.381575030504,-2.505387071175336,-1.9452481258869496,0.5473733201815352
195532,371495,1390213973.197,200,18270.93947738242,-12766.542545128708,17787.61165100456,-4.401286064334053,-1.472656508332974,-0.6099669936560017,23020.27397713839,-11017.312805581967,18477.95685033681,-4.048401575757334,-1.6638845718840316,-0.3193382408194965
195533,371496,1390221000.699,200,-15618.504682642932,-10344.546728273599,1968.8282441404501,-3.562913806275993,2.9605437715494816,-3.849897433791377,-10961.128600220423,-13310.668213378482,6299.171962609908,-4.513709208657632,2.082582661075368,-3.5600867033490085
195534,371497,1390228028.202,200,-22807.7795545759,14519.84120004795,-21062.78187428197,0.5321031885731998,3.304589372447917,-2.452241329259615,-23207.975338682267,10524.8215619289,-18154.31939280001,0.24135589049170664,3.4630998478541635,-2.7177532235945483
195535,371498,1390235055.705,200,-15621.320161213782,34448.654339150184,-34223.49503571533,1.3153537615881998,2.41870960841799,-1.415907551112249,-16980.298394174002,31476.186590077345,-32624.64508932249,1.264509399094088,2.539039139987581,-1.5429562614601728
195536,371499,1390242083.208,200,-5641.4709029442565,49194.31879068566,-42052.99505199301,1.4809507379490534,1.815038936469002,-0.8603610116237566,-7154.330716623917,46920.819485898115,-41126.84341273355,1.4779615740504113,1.8970100433155919,-0.9323509764576362
195537,371500,1390249110.711,200,4839.636533764341,60350.57638579997,-46777.03247773313,1.4875619485862168,1.3807068318271432,-0.5067030811893045,3361.378701577963,58572.4441859266,-46257.560316888135,1.4984437607352563,1.4413985886104146,-0.5531956596178174
195538,371501,1390256138.214,200,15136.123496723818,68825.52773379562,-49410.0561434986,1.4368183839948312,1.043679063263652,-0.2551427733476419,13751.927311265668,67427.17634690827,-49164.21634651286,1.4525383224318682,1.0918217676666913,-0.28776208189777197
195539,371502,1390263165.716,200,24975.398309990687,75159.83621953578,-50500.51098549052,1.360444306990664,0.7670720253512512,-0.06289684163242272,23706.72230156515,74070.80811642388,-50451.922926240615,1.3779736616497804,0.8072892540105656,-0.08710325318903185
195540,371503,1390270193.219,200,34225.57429168072,79699.73248107386,-50382.16429295428,1.270369742627319,0.5304219034674521,0.09145135162626174,33080.51239180688,78874.4287102512,-50482.74970096613,1.2885845278800605,0.5653884394622658,0.07273547529726111
195541,371504,1390277220.722,200,42809.94346101054,82679.25905442973,-49275.55470026998,1.171448266461528,0.3213758032397443,0.2198693267308467,41791.681147324976,82086.9883885414,-49493.07766535851,1.189949355062821,0.3527663282003485,0.2049246421619056
195542,371505,1390284248.225,200,50674.0093411116,84262.36455819193,-47335.49369732635,1.065531664973285,0.1319151911575198,0.3295941518073288,49784.24669213223,83882.06397135805,-47647.35773734329,1.084239866139653,0.16085310942292091,0.3173347622598127
195543,371506,1390291275.728,200,57770.529034363484,84566.10361620347,-44675.9319399729,0.9529835821333276,-0.04350591450513334,0.4252560934424114,57011.09136389494,84383.35182584147,-45065.786167422186,0.9719858620700634,-0.01621778476939201,0.4149581238784996
195544,371507,1390298303.231,200,64051.490222650886,83674.17811796545,-41384.18396538081,0.8332810013065642,-0.2089555071097067,0.5099283144954144,63425.244000844876,83679.43044445913,-41839.920765708615,0.8527724121674921,-0.18270671678484607,0.5010895560488036
195545,371508,1390305330.734,200,69462.7972762648,81645.14174109709,-37529.7324267163,0.7052323954658247,-0.3675956789348938,0.5856783728676949,68974.3289337229,81832.66777151,-38042.224124492015,0.7255015663290026,-0.34189123109408226,0.5779418062627899
195546,371509,1390312358.237,200,73939.7306151863,78517.43181506562,-33170.152463877654,0.5669962543483783,-0.5220364057532153,0.6538616573418513,73596.02025787765,78884.69074909178,-33732.39426150581,0.5884370067445871,-0.4964466356915229,0.6469736342928591
195547,371510,1390319385.74,200,77402.01544691008,74312.3695332965,-28355.55435363799,0.4159539212424712,-0.6745716770405014,0.7152601441203725,77213.27335107469,74859.68347325473,-28962.020763500743,0.4391003899877824,-0.6486963317370719,0.7090506170283706
195548,371511,1390326413.243,200,79747.45950760563,69035.75288888522,-23132.474681571603,0.2484221380270931,-0.8273499030267075,0.7701024481942297,79728.31043739503,69766.20464328334,-23778.551450023824,0.274014931257337,-0.800789623806955,0.764483796817697
195549,371512,1390333440.746,200,80842.79648335715,62678.405148748876,-17548.067161038132,0.05912494382672126,-0.9825028356198464,0.8179518637315794,81014.09221090088,63597.92127883367,-18229.41681813212,0.0882289726399515,-0.954834958956201,0.8129411102530375
195550,371513,1390340468.249,200,80509.46582981531,55215.96083403623,-11655.749654170042,-0.1597648393097258,-1.1422300049736642,0.8573823161156356,80901.2288356451,56333.54783306794,-12367.39368656788,-0.12554470916951874,-1.1129904932723362,0.8531652541675289
195551,371514,1390347495.751,200,78500.00276648138,46608.36424232265,-5524.4616612602795,-0.4204441577536948,-1.30877663855524,0.8852162980770365,79156.50720745846,47936.41450895058,-6259.13331796915,-0.3785436438269366,-1.2774636872195997,0.8823058592705617
195552,371515,1390354523.254,200,74455.90202601955,36800.53708376773,743.5520037064771,-0.7431961999652139,-1.484045917255454,0.8946906902111209,75445.1060765889,38354.87209928035,-1.113483028044229,-0.6892033555527625,-1.4502123785577563,0.894333898542378
195553,371516,1390361550.757,200,67825.49333005912,25729.64961398535,6973.257915155218,-1.1647939578841608,-1.6677796567383658,0.8705478986662579,69258.26549372688,27527.89494537544,6245.901307316098,-1.0903465450905512,-1.6315108987705618,0.8759039371805183
195554,371517,1390368578.26,200,57684.58410395993,13362.28350593172,12813.4102357496,-1.7601676495865333,-1.849182305292378,0.7734018486308961,59759.03920253192,15413.923342374372,12169.639455417682,-1.6472155147811451,-1.813520944653216,0.7936724483088893
195555,371518,1390375605.763,200,42283.44438698561,-113.54526316738493,17396.02516432886,-2.70714581777099,-1.959214087001554,0.4747010786903751,45404.25696522946,2134.6161766403493,17033.160542556154,-2.509859787541556,-1.9457523401011296,0.5445583374994228
195556,371519,1390382633.266,200,17807.8741309584,-12940.927946481192,17740.72396011746,-4.431777849659395,-1.4486819683151215,-0.6436200401797921,22903.463367110762,-11097.359594063422,18490.16308276172,-4.054758360097545,-1.6589056445358863,-0.3273456756082923
195557,371520,1390389660.769,200,-15973.226141188301,-10077.802769774742,1600.214987388371,-3.471049523712558,3.0155921523066915,-3.85695397175827,-11061.146632964734,-13302.850673492117,6242.74326932609,-4.496447269132249,2.095551748665964,-3.562708754518938
195558,371521,1390396688.272,200,-22789.30421145256,14803.30182629854,-21286.83086278016,0.5506232218184174,3.290940849281072,-2.4324877608527253,-23251.158727239657,10529.868357018862,-18172.728192752267,0.24055140229076194,3.4607362727860247,-2.7141886771340085
195559,371522,1390403715.775,200,-15542.24840682637,34652.74220347653,-34350.56336126426,1.3186209766429529,2.4098658513218867,-1.4063233936796842,-17036.22499720179,31470.426248469616,-32627.81692321209,1.2629804766223875,2.5391053290422625,-1.5421117527527308
195560,371523,1390410743.278,200,-5551.729093915898,49348.013546470436,-42127.72820671425,1.4813930352943467,1.80920096763837,-0.8545015318972313,-7219.687033085581,46914.55280484002,-41124.89131405037,1.477294511985505,1.8976435786643613,-0.9319542955736392
195561,371524,1390417770.781,200,4929.312252593951,60469.11230831173,-46817.09368204486,1.4872507047053969,1.376381976953636,-0.5025038314254207,3292.03259592029,58568.06920272495,-46252.409436799535,1.4983921455208007,1.4420752643874053,-0.5528251790351494
195562,371525,1390424798.283,200,15222.646718228909,68916.88165683,-49423.99221704718,1.436274099648714,1.040190939535232,-0.2518243544307017,13682.436325756547,67424.80748240216,-49155.983949221416,1.4528870919842782,1.092389591808126,-0.2873225525203573
195563,371526,1390431825.786,200,25057.75511744088,75228.55625494731,-50493.116311909725,1.359814939375388,0.764077680871024,-0.06010392107069335,23639.727439819126,74069.8136209354,-50440.21891722469,1.3785826822644516,0.8077013258821287,-0.08657503816244799
195564,371527,1390438853.289,200,34303.33766899815,79748.56335076471,-50356.42402758035,1.269693962916753,0.5277321906160112,0.0939015909129307,33017.83337938853,78873.91770726016,-50467.03526597842,1.2893598778465387,0.5656328720528618,0.07335036709335636
195565,371528,1390445880.792,200,42882.80031047839,82709.91306725457,-49233.4854226701,1.170725930436042,0.318877741077154,0.2220790023309405,41734.550838183684,82085.99355012029,-49472.789758815255,1.1908240682581928,0.35284423670284715,0.2056170893783898
195566,371529,1390452908.295,200,50741.581736622946,84275.91722832598,-47278.55773063875,1.0647465510817768,0.1295365386813716,0.3316230288358101,49733.45105731938,83879.61899123853,-47621.96192717948,1.0851630334489772,0.1607707455067888,0.3180929049178973
195567,371530,1390459935.798,200,57832.29368305466,84563.21118873895,-44605.264921543436,0.9521112457416241,-0.04581432325678027,0.4271393956660261,56967.05523439816,84378.52824849253,-45034.80514271838,0.9729163402548672,-0.016452058556009633,0.4157686140043644
195568,371531,1390466963.301,200,64106.730914667874,83655.2031578512,-41300.73284410013,0.8322911211348365,-0.2112292493356473,0.5116855321377296,63388.084881739225,83671.35755699745,-41802.95468454797,0.8536749765693771,-0.1830835842151065,0.5019376855327411
195569,371532,1390473990.804,200,69510.5641977966,81610.22786856242,-37434.34880723669,0.7040886486688469,-0.3698621756505856,0.5873176314258106,68943.89007588079,81820.54548022921,-37998.96987231949,0.7263443860024615,-0.3424007429615324,0.5788111164867578
195570,371533,1390481018.307,200,73978.79310286693,78466.5485631215,-33063.6648590592,0.5656546352319831,-0.5243182071511022,0.6553815455522722,73571.89006034756,78867.80051532219,-33682.667273132596,0.5891898240922271,-0.4970780854626881,0.6478451744746644
195571,371534,1390488045.81,200,77430.7976569975,74245.33880513857,-28238.83423076879,0.4143595061411866,-0.6768885131005657,0.7166497015042155,77194.79468480703,74837.40027637081,-28905.782326492867,0.4397330473721597,-0.6494377862763657,0.7099018143174444
195572,371535,1390495073.313,200,79763.94618924815,68952.26410142501,-23006.508971335097,0.2465036438978366,-0.8297198829975596,0.7713392752073313,79714.5814886308,69738.01279021139,-23715.945141889657,0.27449602020082825,-0.8016270334594746,0.7652867519538105
195573,371536,1390502100.816,200,80844.38863332733,62578.02490261351,-17414.052746692367,0.056785540510468135,-0.9849427594265324,0.8189975310999612,81003.95943354591,63563.438305411015,-18160.8198401103,0.08852446436062468,-0.9557505756269375,0.8136599322641129
195574,371537,1390509128.319,200,80492.74971629071,55098.14504451252,-11515.23534926092,-0.1626637821054419,-1.1447540919276928,0.8581728332121691,80893.2725644882,56292.562731903396,-12293.491769789578,-0.1254729319346212,-1.1139600056654748,0.8537516845862754
195575,371538,1390516155.822,200,78460.3603616667,46472.491934217454,-5379.590280339281,-0.4241137352757898,-1.311391252494919,0.8856419586994522,79149.02071676722,47888.95356944042,-6181.036214062406,-0.3787391566003099,-1.2784506774885835,0.8826916322219037
195576,371539,1390523183.325,200,74386.80726260567,36646.01382323795,889.5840838149313,-0.7479833382106951,-1.4867320628929368,0.8945496649380401,75436.07463041141,38301.32141805452,79.4556738130286,-0.6897152449936571,-1.4511566736280508,0.8944164350238208
195577,371540,1390530210.828,200,67717.12274919433,25556.25658822477,7115.1967203677295,-1.171326544304677,-1.670431364903644,0.8694237412057446,69245.37465764527,27469.247458873862,6326.2736562424525,-1.0912224992319235,-1.6323014686806776,0.8755173447935686
195578,371541,1390537238.331,200,57520.7368452344,13171.46024760194,12941.34593624678,-1.769732811448549,-1.8513516326724369,0.7702705802370712,59739.84684141898,15352.337136575745,12245.566560979994,-1.6484593208145968,-1.8139242080925693,0.7925241600226528
195579,371542,1390544265.833,200,42033.76582956319,-312.65714645413817,17486.629239089318,-2.7227542168677448,-1.9586318458348992,0.4662072070805617,45377.25049678649,2074.856659743883,17097.53714619381,-2.5111727203040397,-1.9451979187365624,0.5421002831855823
195580,371543,1390551293.336,200,17413.81328053084,-13088.07933219424,17714.46673655561,-4.456176088989884,-1.4273908588715691,-0.6738552641165906,22875.20031327105,-11144.30599983521,18531.637366683433,-4.0535022623823656,-1.6561904859000278,-0.33150292965646033
195581,371544,1390558320.839,200,-16257.875890939218,-9863.62701328892,1300.62739407554,-3.394784405508906,3.056628136945672,-3.862144518403426,-11050.069124045183,-13353.025310297488,6281.939642673947,-4.494845606335432,2.0850585945319384,-3.5566945406189188
195582,371545,1390565348.342,200,-22771.4931934805,15019.17492297593,-21474.618853482832,0.565906493273321,3.279516244290877,-2.417340371775599,-23295.568952727266,10433.570043039796,-18130.502694413048,0.2331332277736108,3.4611441294658256,-2.7178615441694345
195583,371546,1390572375.845,200,-15471.74339490509,34803.19918575127,-34463.07791456612,1.321881068637951,2.402636299152726,-1.3987185509342628,-17109.574989030953,31385.344639705665,-32606.820540205186,1.2610328869138063,2.5415860306257327,-1.544418118696021
195584,371547,1390579403.348,200,-5468.313339118523,49457.37030470197,-42197.65160057459,1.4823213891020768,1.8044401056793808,-0.8495761580837164,-7298.469498121637,46844.218438371776,-41115.49097378723,1.477206591914403,1.8998352234335976,-0.9330072246965188
195585,371548,1390586430.851,200,5016.3838137039,60549.854385219005,-46857.00299671028,1.487479294637925,1.3728686369197156,-0.4987478895815067,3216.586956549345,58509.99792128537,-46247.9191018226,1.499052250338306,1.4438372869533531,-0.5531073308946411
195586,371549,1390593458.354,200,15310.17495190314,68975.5874552031,-49439.85929400918,1.436209034804721,1.0373706027537009,-0.2486800433071752,13614.148764795149,67376.39238786143,-49152.111704254756,1.4538754256292337,1.093780653569118,-0.2871047743683862
195587,371550,1390600485.857,200,25144.18384458642,75269.02204243938,-50488.268585928796,1.3595773954562629,0.7616740698214794,-0.05732526614118923,23580.314248386007,74028.88073541468,-50434.03657364912,1.3797047961149524,0.8087890181702083,-0.08601523335204499
195588,371551,1390607513.36,200,34387.605613702835,79773.13492939637,-50332.95603629913,1.269318943413297,0.5255933522741832,0.09643654818146308,32967.93192676937,78838.71187781656,-50456.45000522798,1.2905117397648258,0.5664725942865565,0.07415161970890533
195589,371552,1390614540.863,200,42963.965865059785,82720.10675960092,-49192.8592109012,1.170217254952697,0.3169128366529027,0.2244349818651979,41694.16674047099,82055.10405166176,-49456.27012148252,1.1919438175989614,0.35347964331340703,0.2065901131350792
195590,371553,1390621568.366,200,50818.67761988568,84272.73631384621,-47221.89551602484,1.064094744622593,0.1276871701967408,0.3338349600137099,49702.18270025856,83851.91489105178,-47598.38769032594,1.086210764947842,0.16123660094869452,0.3191855941889885
195591,371554,1390628595.868,200,57904.25919895282,84547.31839656539,-44533.50920582037,0.9512997595117634,-0.04758835642945479,0.4292248823196324,56944.21913459365,84353.10956629338,-45003.38187241804,0.9738645841655921,-0.016127417451718258,0.4169391159665522
195592,371555,1390635623.371,200,64172.37045451088,83627.01905000019,-41214.74470283956,0.8312982209092196,-0.2129576071805749,0.5136508074791521,63372.791906131984,83647.51935471706,-41763.165325659495,0.8545038167068334,-0.18287641522520376,0.5031499974802596
195593,371556,1390642650.874,200,69568.51132591892,81569.98806740197,-37334.97684704681,0.7028873223137562,-0.3715683954087694,0.5891602826827624,68935.09628011673,81797.75157381309,-37950.54943528439,0.7270387968030232,-0.342290558842619,0.5800321465699795
195594,371557,1390649678.377,200,74027.4693473231,78414.33647493349,-32951.80219034166,0.5642112220525526,-0.5260224335934099,0.6570913281704962,73568.43328224096,78845.66414175784,-33625.59397398456,0.5897381888915401,-0.497046619836428,0.6490424887671365
195595,371558,1390656705.88,200,77468.35725634819,74181.10272833059,-28115.47501630418,0.4126310210346901,-0.6786092978609258,0.7182078638248032,77195.42331643157,74815.67044392649,-28840.282731068648,0.4401264050664343,-0.6494681054982769,0.7110415867919186
195596,371559,1390663733.383,200,79788.19593357807,68875.8238647424,-22872.81529580461,0.244433217553423,-0.8314753957790584,0.7727162175767646,79717.98047223111,69716.56542280424,-23642.512992058088,0.2747278697613024,-0.8017026656286809,0.7663315314015636
195597,371560,1390670760.886,200,80852.66541561375,62489.071885965575,-17271.44609175135,0.05429462673828881,-0.9867514337350702,0.8201479164880581,81008.77735317827,63542.27253279674,-18080.25163369556,0.08859121744233038,-0.9558544713210264,0.8145657707210749
195598,371561,1390677788.389,200,80481.7242299461,54996.240990643084,-11365.53744843198,-0.165689310486314,-1.146634233904736,0.859025921984342,80898.1558042537,56271.80410701612,-12206.94585328023,-0.12557041030634258,-1.1140730513989705,0.8544639456891694
195599,371562,1390684815.892,200,78425.70427084419,46357.07764554864,-5225.262155553267,-0.4278501799411271,-1.313357806104885,0.8860816753054654,79152.66618341395,47868.86810389916,-6090.128281849497,-0.3789916843464725,-1.278549248825342,0.8831382651563415
195600,371563,1390691843.395,200,74322.58740621519,36516.46882807143,1044.986664204752,-0.7527243619940895,-1.4887840379535682,0.8943694198337602,75437.32726046702,38282.34830568704,172.49609676610154,-0.6900956511857178,-1.4512081896428544,0.8944963436115393
195601,371564,1390698870.898,200,67614.59026402085,25412.14241511234,7266.041931550572,-1.177611772877419,-1.672503630403656,0.8682081258047777,69243.44125815427,27452.06882027131,6418.336248464959,-1.0916590360220295,-1.6322558460833785,0.8750791426029713
195602,371565,1390705898.4,200,57365.60523064893,13013.537985289198,13077.39742058011,-1.7786880119102442,-1.853099124540768,0.7670148956962719,59734.855511529866,15338.015516882186,12332.190440360242,-1.6487503477358838,-1.813699148187108,0.7913281762038136
195603,371566,1390712925.903,200,41799.24745036905,-477.33047898912736,17584.63085909127,-2.7370630251156403,-1.958137456824501,0.4576681812905349,45372.069632620565,2065.0065718856868,17172.15137815151,-2.510642207494972,-1.944692773899307,0.5397908188807394
195604,371567,1390719953.406,200,17047.89157948487,-13207.1379337374,17696.88885885239,-4.478199108268231,-1.408394127622938,-0.703508858035559,22883.208808566163,-11149.337767003206,18586.199828807738,-4.049264990635494,-1.6563038357609663,-0.3345397966867291
195605,371568,1390726980.909,200,-16512.16203117675,-9656.750980932487,1013.6178887199519,-3.3225172817275648,3.092854593576408,-3.869297786759924,-11004.616800930058,-13403.42723616512,6336.9655479476805,-4.497574465441572,2.068414266818292,-3.55367780921242
195606,371569,1390734008.412,200,-22732.999843926413,15221.608440157648,-21668.69759677789,0.5817749129159026,3.268321258281442,-2.403795710132608,-23310.911000971915,10333.3693522624,-18104.84335229429,0.2278048759047309,3.46143077145666,-2.7234374119750955
195607,371570,1390741035.915,200,-15375.6014459524,34940.98758148009,-34587.77618607616,1.325761353976187,2.395434726481122,-1.3914608290694428,-17139.349392677712,31298.099688587306,-32610.204615302784,1.2603949653425557,2.5434452531747342,-1.5467005603166657
195608,371571,1390748063.418,200,-5356.07911394749,49554.19854636463,-42280.67898542947,1.4835437105713098,1.799711277777008,-0.8446307891291417,-7325.03451400163,46771.217274923554,-41130.12777469192,1.47762026578031,1.9014442424124545,-0.93360971383456
195609,371572,1390755090.921,200,5133.425094609425,60618.51890625253,-46909.33464128309,1.487755154141892,1.3694555379266178,-0.4948388787281915,3197.3233549851416,58448.79460772027,-46264.79217149459,1.4997052714586234,1.4451616219121308,-0.5528379777634834
195610,371573,1390762118.424,200,15427.351101106091,69023.19177093676,-49466.86555442243,1.43601469073975,1.034727503364222,-0.2453320616680105,13602.773202273647,67324.95294173116,-49166.209121410524,1.4545241402129945,1.094887999306724,-0.2863349289719008
195611,371574,1390769145.927,200,25258.87451631873,75299.88757970401,-50493.063290851256,1.3590811050252272,0.7595190814673853,-0.054328355844707216,23576.210804245744,73985.71554549901,-50442.3338978427,1.3802607882151707,0.8097359828147745,-0.08494167836154626
195612,371575,1390776173.43,200,34497.96067798783,79790.07756207969,-50317.60087758459,1.2685882716236392,0.5237652846784743,0.09918643679439702,32970.00139743745,78802.74367731794,-50457.055686049884,1.290940549728535,0.5672999354352155,0.07541139406279024
195613,371576,1390783200.932,200,43068.44872799966,82725.04469862593,-49158.87733020342,1.1692796893118702,0.3153110364317905,0.2269928036155447,41701.1069576099,82025.55336437003,-49448.013866469366,1.192233075530467,0.35421639256152226,0.20795896614413426
195614,371577,1390790228.435,200,50915.87396404996,84267.00671916163,-47170.52228950083,1.062959028488637,0.1262435295557842,0.3362300703770408,49712.61639907719,83828.21728865945,-47580.6008070312,1.0863582936005438,0.16190353957572806,0.3206086852061291
195615,371578,1390797255.938,200,57992.77544010565,84531.85019110452,-44465.83075632623,0.9499642098735964,-0.04892350079247501,0.4314716329281976,56956.7608325513,84334.85555357978,-44975.77099187123,0.9738733861742656,-0.01551551598335336,0.41837461028384304
195616,371579,1390804283.441,200,64250.77460854308,83602.43271402607,-41131.78317024655,0.8297538734162134,-0.214223369178856,0.5157536223155745,63386.08683025352,83634.40805887307,-41725.73624473946,0.8543797755240047,-0.1823094246814073,0.5045637985913017
195617,371580,1390811310.944,200,69635.28544454495,81536.65176376129,-37237.75096546474,0.701118650140856,-0.3727980957634995,0.5911159200617864,68947.84531750203,81789.55253407553,-37903.56058994807,0.7267895598351952,-0.3417622336894112,0.5813945976978877
195618,371581,1390818338.447,200,74080.96127568197,78372.3949148093,-32841.37828132652,0.562195298595501,-0.5272467949305455,0.6588894684693152,73579.41051097465,78842.18324970853,-33569.52931779038,0.5893726019855,-0.496554262433589,0.6503260387736856
195619,371582,1390825365.949,200,77506.72133181138,74130.4866012736,-27993.018657873086,0.4103351620049961,-0.679858878203737,0.7198303331892497,77203.48931736566,74816.71663473165,-28775.83892643556,0.4396542029902107,-0.6490126098384325,0.7122188475271723
195620,371583,1390832393.452,200,79809.31026896519,68816.24341005865,-22739.65372255004,0.2418105143916795,-0.8327827235723549,0.7741346212219039,79722.09212472645,69721.91536786308,-23570.59997134125,0.2741594819150424,-0.8012889404626748,0.7673732906949301
195621,371584,1390839420.955,200,80854.00639218501,62419.99572994535,-17129.155257474562,0.05127588122139548,-0.988153089245313,0.821318749639472,81007.99451762393,63551.62976287188,-18002.008017738466,0.0879375628273299,-0.9554923671300254,0.8154384992817215
195622,371585,1390846448.458,200,80460.16285839383,54916.86057078806,-11216.07848038022,-0.1692105496683395,-1.148172817128237,0.8598808219411224,80891.64350565517,56284.74743708528,-12123.774841546843,-0.12629830801478564,-1.1137790563552143,0.8551260660457097
195623,371586,1390853475.961,200,78377.1530778929,46266.2605100329,-5071.218641533987,-0.4320470968613437,-1.315082802297967,0.8865069643522835,79139.68827017368,47884.781430550254,-6003.7672129109615,-0.379783617708238,-1.278349480085193,0.8835337106702298
195624,371587,1390860503.464,200,74241.33842332594,36412.72162328922,1199.947859021566,-0.7579002490877124,-1.4907466948612842,0.8941585959401006,75417.2218738612,38300.318587214286,259.8424968799701,-0.6909446221155436,-1.4511436991654636,0.8945419068760707
195625,371588,1390867530.967,200,67491.9483782438,25293.68547859476,7416.149077991598,-1.184352270215993,-1.674722791400044,0.8669344110710672,69215.55181650286,27470.727088075917,6503.726437068054,-1.0925680458628984,-1.632392055856272,0.8746358150262471
195626,371589,1390874558.47,200,57186.68496149051,12879.02050763577,13212.05613593104,-1.788282873450913,-1.855368406483511,0.7636083675222721,59698.339037207305,15355.284287757424,12411.329290403994,-1.6497535919278323,-1.814140153538263,0.7901228167701039
195627,371590,1390881585.973,200,41534.27269085717,-624.0421154090039,17678.95178413353,-2.752815895730213,-1.9586716323101137,0.4484902711903447,45325.32213244502,2077.7905704963987,17237.65210622857,-2.5118764209743434,-1.945566064418804,0.5371340209372465
195628,371591,1390888613.476,200,16632.75555121384,-13313.648213229619,17662.28610035495,-4.504505884691925,-1.388730914238323,-0.7376357369624565,22822.323222088013,-11143.823904511297,18620.649209196472,-4.050970053295889,-1.6570100053778247,-0.3412698619062928
195629,371592,1390895640.979,200,-16800.05138410685,-9385.633712358,653.404670794897,-3.235545528476145,3.137030333780583,-3.879644911242215,-11058.621075528667,-13380.354098212549,6289.321793374126,-4.485814709788919,2.073788884814756,-3.5656400145989067
195630,371593,1390902668.482,200,-22657.16004980774,15490.889062793347,-21920.149793019318,0.6023806395040608,3.254546634704609,-2.3869471349784144,-23288.06004866152,10357.727005787408,-18179.339066897035,0.2337687368965984,3.4579965365069563,-2.7221770282679683
195631,371594,1390909695.984,200,-15225.24878227604,35128.681209648435,-34751.527771088084,1.330552347321931,2.38618038077445,-1.382210981092722,-17090.99960987805,31309.226360002765,-32676.936398604717,1.2620204747902055,2.5413786191070176,-1.544899021926277
195632,371595,1390916723.487,200,-5187.910234268024,49689.08877425276,-42391.64866683607,1.4845377072351518,1.793623397223642,-0.8384391632841081,-7267.307662351367,46776.20751092532,-41186.12038502596,1.4779613552375492,1.9002871382093405,-0.9317630266316548
195633,371596,1390923750.99,200,5303.001182303419,60717.44557593418,-46982.46704660181,1.487353917600575,1.3651499111667558,-0.4901081675309125,3258.1517673321105,58451.56162820071,-46309.07302509738,1.4994574588257652,1.4445192366837447,-0.5510098480278468
195634,371597,1390930778.493,200,15591.50228226991,69095.95772403592,-49509.90960244587,1.43494072853231,1.0315054155558772,-0.2414320966201074,13663.13514911642,67327.71269546433,-49198.485917865575,1.4539358110225704,1.0945661382912355,-0.28455558605811604
195635,371598,1390937805.996,200,25413.98993724972,75352.65095471492,-50510.70642331925,1.357612842102583,0.7570011545023777,-0.0509652441498841,23633.672374695565,73989.84510976348,-50462.70341579515,1.3794502278032224,0.8096284433537001,-0.0832300801524032
195636,371599,1390944833.499,200,34641.76125515418,79826.92794957211,-50313.01944013347,1.2668503062939909,0.521724676132575,0.1021672417222422,33022.750942623345,78809.14675312399,-50465.86730966741,1.2899757241088232,0.5673413105996384,0.07704237150313709
195637,371600,1390951861.002,200,43199.277670808864,82748.78386419071,-49134.42061158538,1.1673325717819278,0.3135998791231512,0.2296795364232214,41747.74111225019,82034.8269689158,-49445.79164251412,1.1911584271366178,0.3543618063099488,0.20950012357011805
195638,371601,1390958888.505,200,51032.37744412439,84279.56476495074,-47128.05567083347,1.060832427984919,0.1247577439893874,0.3386757005772941,49752.03382416144,83840.73155408342,-47567.99439448293,1.0852056039352114,0.1621189561449418,0.3220531417894752
195639,371602,1390965916.008,200,58093.7435363174,84534.5226888719,-44406.925404832284,0.94767050356409,-0.05026278428013069,0.4337085449241539,56988.1006792745,84350.7906729653,-44953.52283414002,0.9726667472314572,-0.01525844876804249,0.4197169408216668
195640,371603,1390972943.511,200,64335.04182956643,83596.01724718313,-41057.83225360197,0.8272938941826945,-0.2154803514330788,0.5178009323924775,63408.68790864996,83653.76782845869,-41694.65877018902,0.8531379849475411,-0.1820364648727105,0.5057994218605216
195641,371604,1390979971.014,200,69701.65795659744,81521.52614401316,-37150.04843466458,0.6984836011435737,-0.3740289442513987,0.5929831621537501,68961.21439670969,81812.16294449176,-37864.52019389981,0.7255271797969745,-0.34149867822605995,0.5825192650887195
195642,371605,1390986998.516,200,74128.14871943762,78348.55650543617,-32741.179779827147,0.5593662440537883,-0.5285042923714202,0.6605781271548153,73583.19269776126,78867.67958067112,-33523.435749419914,0.5881001446953491,-0.4963266973603094,0.6513353027054365
195643,371606,1390994026.019,200,77533.25737025666,74097.56261223137,-27881.59746141858,0.4072802877067073,-0.6811961761697166,0.7213337580818531,77197.43476105116,74844.51997878932,-28723.64027895647,0.43837752852693457,-0.6488506396531718,0.7131073721764617
195644,371607,1391001053.522,200,79813.44413351356,68773.47588903797,-22618.363209590567,0.238479401566078,-0.834256887789098,0.7754361757639178,79706.0132024734,69751.19687152204,-23513.2841843044,0.27287816557216354,-0.8012272328055522,0.7681338004925264
195645,371608,1391008081.025,200,80833.5382129993,62366.20089405312,-16999.51308088676,0.04758873738010227,-0.989828923711884,0.8223872302633742,80981.70340159928,63581.258870932725,-17940.6146392373,0.08664157284582563,-0.955573378621104,0.8160599484422033
195646,371609,1391015108.528,200,80412.17321795263,54850.359420389934,-11079.89930727213,-0.17338336104785,-1.150127215523046,0.8606605535164777,80854.85252265359,56313.2178025731,-12059.42548193271,-0.127635155310849,-1.1140569546792594,0.855590113592668
195647,371610,1391022136.031,200,78297.5256214818,46184.77836590978,-4930.853006549928,-0.4369261868607129,-1.317408968865013,0.8868957486886851,79091.83759262928,47910.10286550219,-5937.732806814216,-0.3812170973704725,-1.2788960115412702,0.8838072444682928
195648,371611,1391029163.534,200,74123.84791157785,36313.27000728531,1341.1269174957781,-0.7638870693175078,-1.4935532898935655,0.8939538695934035,75357.15432592023,38319.85916902661,325.9907123478958,-0.6925898213747449,-1.4520566291052943,0.8945592790898588
195649,371612,1391036191.037,200,67326.33859395295,25172.53072893868,7552.605360806937,-1.1922490657488012,-1.678101023536668,0.8656815887923224,69140.83438722977,27480.99362239688,6567.749644653425,-1.0946725119660063,-1.633803637241843,0.8742500600489425
195650,371613,1391043218.54,200,56954.05739738353,12732.37885790789,13332.864514888592,-1.7999166678804115,-1.8591600707910017,0.7600703189090509,59603.65176078122,15351.71421605897,12469.289624783374,-1.652905202018554,-1.8161956823712395,0.7889420058894521
195651,371614,1391050246.043,200,41194.150171401816,-794.1067111507613,17755.84171179735,-2.773067367444064,-1.960686975913453,0.4381060178739487,45197.944786131055,2055.4434299069035,17280.237210227257,-2.5177014948538514,-1.9480827162828465,0.533782816517179
195652,371615,1391057273.546,200,16090.959224145618,-13439.86157405163,17582.73536782338,-4.541287268803216,-1.363343550546571,-0.78100361027177,22628.229579452047,-11178.076388837942,18613.949778927694,-4.063895857454995,-1.6548210053819696,-0.3542582451599392
195653,371616,1391064301.049,200,-17175.86690870723,-8993.984571641953,155.19515735982668,-3.118702303748806,3.197643841729264,-3.889090259189417,-11279.277980771829,-13264.05482920134,6092.0724143166135,-4.44975897719949,2.114269260441481,-3.5923891131153973
195654,371617,1391071328.552,200,-22550.62901250156,15885.282633634552,-22252.11319314935,0.6289980730662575,3.236307008522739,-2.362637629902793,-23252.728879838218,10541.376617944257,-18358.56416326447,0.2510813552243039,3.4499688480203923,-2.710072757382634
195655,371618,1391078356.055,200,-15027.0002181967,35413.77630817512,-34958.69058888357,1.3357257185379652,2.373677449667285,-1.3693287049334482,-16998.792066303715,31444.312448778648,-32793.09016434267,1.264826761563108,2.535182410847184,-1.5380864212035656
195656,371619,1391085383.558,200,-4974.431872835572,49902.70504151432,-42527.17777232928,1.484669182205933,1.785359693285915,-0.8302993983406906,-7168.699904910863,46880.168587258544,-41264.782601190665,1.4776035733659851,1.8964084241558616,-0.9274459017551552
195657,371620,1391092411.061,200,5510.493122855319,60882.246693733876,-47069.77958359883,1.485782022718876,1.35930324716542,-0.4842847439980368,3349.9095819912104,58536.2689808676,-46362.072922695814,1.498115930524104,1.4419743188752567,-0.5479271340848003
195658,371621,1391099438.564,200,15785.09341166597,69225.19205535571,-49561.331546688845,1.4326503761758798,1.027116456991303,-0.2369329795855487,13743.360552087468,67400.01255404612,-49232.208982344884,1.4522460750916424,1.0928222249689474,-0.2821928849005168
195659,371622,1391106466.066,200,25590.15048170983,75454.55105095835,-50533.68701386781,1.3549818222723842,0.7535448905107337,-0.04731371207753764,23700.56574253576,74053.87454000665,-50481.17382856914,1.3776533447610186,0.808390352758396,-0.0813399958544866
195660,371623,1391113493.569,200,34798.75152160189,79906.84798795039,-50312.51902954956,1.264043669949527,0.5188836568491414,0.1052307278423267,33075.74757614301,78867.47507912351,-50471.90881774472,1.2881792968662282,0.5664301164677806,0.07859579243537622
195661,371624,1391120521.072,200,43336.16940238792,82810.26867331668,-49113.98539889795,1.1644278752929729,0.311165676097703,0.2323095068190251,41786.89700945303,82089.0266749197,-49441.53458251292,1.189415343730566,0.35365936191496045,0.21079964041753874
195662,371625,1391127548.575,200,51148.625183903656,84324.92903218923,-47090.362630348965,1.057865675336854,0.12258311792858803,0.3409703850497464,49777.7500599713,83891.68383689293,-47555.1251366837,1.083542664615508,0.16154100082853856,0.3231533512531158
195663,371626,1391134576.078,200,58188.96792414411,84565.1834708591,-44354.08605203909,0.9446549043021,-0.052289136836281364,0.4357333608654098,57000.97867662983,84398.85863703418,-44933.41823924012,0.9710963672224096,-0.01577645165086998,0.420656257989836
195664,371627,1391141603.581,200,64408.9008619651,83612.6914093729,-40991.57602247433,0.8242276272954631,-0.2174482428341502,0.5196006515692231,63409.43942137247,83698.89763106397,-41668.464285899936,0.8516631866048815,-0.1825474230298761,0.5066062783914363
195665,371628,1391148631.084,200,69753.75232778126,81524.34761119494,-37071.84250346678,0.6953522864429634,-0.3760156661482903,0.5945884203563373,68950.59370037912,81853.9425452457,-37833.19885162614,0.7241434616586451,-0.3420489152312335,0.5832154594932936
195666,371629,1391155658.587,200,74157.93231072798,78337.14156986076,-32652.31534324472,0.5561420949041418,-0.5305807383758642,0.6620087209347466,73561.93507006273,78905.37001423778,-33487.80166234548,0.5867955113331381,-0.496959455521533,0.6519377828396499
195667,371630,1391162686.09,200,77539.93127987035,74071.03787105189,-27783.261002106334,0.4039182137527016,-0.6834315298232224,0.7225996947918274,77166.18931949731,74877.06653394773,-28684.385088589745,0.4371310019850361,-0.6496088443017063,0.7136289729508883
195668,371631,1391169713.593,200,79795.81008298867,68730.47571108166,-22511.70788842519,0.2349090638178518,-0.8367227156600017,0.7765365268361046,79665.25846229025,69777.22350829223,-23471.003027518163,0.2716564595595153,-0.8021560222288387,0.7685830341018742
195669,371632,1391176741.096,200,80789.77465783003,62304.836653620136,-16885.748308370712,0.04369983018074074,-0.9926031721834332,0.8233058266667678,80931.62927989477,63599.04631628497,-17895.838943206003,0.08539284761724752,-0.9567227620871752,0.8164395221433126
195670,371633,1391183768.599,200,80339.46775168496,54768.16066476719,-10960.42924619642,-0.1777687681884144,-1.153298139155231,0.8613556189708768,80795.18029009154,56320.6634728291,-12012.67433283126,-0.1289929657886015,-1.1154848360822571,0.8558931010737859
195671,371634,1391190796.101,200,78191.42971245339,46078.610031658565,-4807.529670887998,-0.4421085757658462,-1.321077504499719,0.8872755828323573,79021.52150561346,47904.66171104855,-5889.608726919333,-0.3828191367559341,-1.2806713670025671,0.8840079714463475
195672,371635,1391197823.604,200,73977.05517137918,36179.25715480527,1465.471738264056,-0.7704080734846264,-1.4978260112453852,0.8938154157675571,75273.8430506846,38298.4712096676,374.5998740925842,-0.6946727375665463,-1.4542606705775856,0.8945904437125781
195673,371636,1391204851.107,200,67126.1365079712,25006.160611833857,7672.866472763158,-1.2011787989737228,-1.683033974612655,0.8645318902348821,69039.79446300249,27440.046395255245,6615.186943004477,-1.0976887110439788,-1.6365168653114317,0.8739379533134382
195674,371637,1391211878.61,200,56676.298399962696,12529.68513632541,13437.89567824114,-1.81365791792742,-1.864426947264256,0.7564911288076559,59475.32501909653,15287.323862071926,12511.761768576465,-1.6578324774100852,-1.8194007774552348,0.7877855187640269
